Data,Categoria,Subcategoria
09/12/2024,PERTURBAÇÃO DO TRABALHO OU DO SOSSEGO ALHEIO,PERTURBAÇÃO DO TRABALHO OU DO SOSSEGO ALHEIO
08/12/2024,ORDEM DE POLICIAMENTO,ORDEM DE POLICIAMENTO
08/12/2024,ORDEM DE POLICIAMENTO,ORDEM DE POLICIAMENTO
08/12/2024,ORDEM DE POLICIAMENTO,ORDEM DE POLICIAMENTO
08/12/2024,ORDEM DE POLICIAMENTO,ORDEM DE POLICIAMENTO
09/12/2024,VIOLÊNCIA DOMÉSTICA CONTRA A MULHER/MARIA DA PENHA,VIOLÊNCIA DOMÉSTICA CONTRA A MULHER/MARIA DA PENHA
09/12/2024,AMEAÇA,AMEAÇA
09/12/2024,VIOLÊNCIA DOMÉSTICA,VIOLÊNCIA DOMÉSTICA
09/12/2024,VIOLÊNCIA DOMÉSTICA CONTRA A MULHER/MARIA DA PENHA,VIOLÊNCIA DOMÉSTICA CONTRA A MULHER/MARIA DA PENHA
09/12/2024,VIOLÊNCIA DOMÉSTICA CONTRA A MULHER/MARIA DA PENHA,VIOLÊNCIA DOMÉSTICA CONTRA A MULHER/MARIA DA PENHA
09/12/2024,VIOLÊNCIA DOMÉSTICA CONTRA A MULHER/MARIA DA PENHA,VIOLÊNCIA DOMÉSTICA CONTRA A MULHER/MARIA DA PENHA
09/12/2024,ACIDENTE DE TRÂNSITO SEM VÍTIMA,ACIDENTE DE TRÂNSITO SEM VÍTIMA
09/12/2024,PATRULHAMENTO PREVENTIVO,PATRULHAMENTO PREVENTIVO
09/12/2024,APOIO A OUTROS ÓRGÃOS,APOIO A OUTROS ÓRGÃOS
09/12/2024,PATRULHAMENTO PREVENTIVO,PATRULHAMENTO PREVENTIVO
09/12/2024,ABORDAGEM A PESSOAS EM ATITUDE SUSPEITA,ABORDAGEM A PESSOAS EM ATITUDE SUSPEITA
09/12/2024,APOIO A OUTROS ÓRGÃOS,APOIO A OUTROS ÓRGÃOS
09/12/2024,VIOLÊNCIA DOMÉSTICA CONTRA A MULHER/MARIA DA PENHA,VIOLÊNCIA DOMÉSTICA CONTRA A MULHER/MARIA DA PENHA
09/12/2024,ABORDAGEM A PESSOAS EM ATITUDE SUSPEITA,ABORDAGEM A PESSOAS EM ATITUDE SUSPEITA
09/12/2024,VIOLÊNCIA DOMÉSTICA CONTRA A MULHER/MARIA DA PENHA,VIOLÊNCIA DOMÉSTICA CONTRA A MULHER/MARIA DA PENHA
09/12/2024,APOIO A OUTROS ÓRGÃOS,APOIO A OUTROS ÓRGÃOS
09/12/2024,APOIO A OUTROS ÓRGÃOS,APOIO A OUTROS ÓRGÃOS
09/12/2024,APOIO OU REFORÇO,APOIO OU REFORÇO
10/12/2024,VIOLÊNCIA DOMÉSTICA,VIOLÊNCIA DOMÉSTICA
10/12/2024,PERTURBAÇÃO DO TRABALHO OU DO SOSSEGO ALHEIO,PERTURBAÇÃO DO TRABALHO OU DO SOSSEGO ALHEIO
10/12/2024,APOIO A OUTROS ÓRGÃOS,APOIO A OUTROS ÓRGÃOS
10/12/2024,APOIO A OUTROS ÓRGÃOS,APOIO A OUTROS ÓRGÃOS
10/12/2024,ATO OBSCENO,ATO OBSCENO
10/12/2024,PERDA OU EXTRAVIO DE DOCUMENTO OU OBJETO DIVERSOS,PERDA OU EXTRAVIO DE DOCUMENTO OU OBJETO DIVERSOS
10/12/2024,PATRULHAMENTO PREVENTIVO,PATRULHAMENTO PREVENTIVO
10/12/2024,APOIO A OUTROS ÓRGÃOS,APOIO A OUTROS ÓRGÃOS
10/12/2024,PATRULHAMENTO PREVENTIVO,PATRULHAMENTO PREVENTIVO
10/12/2024,PATRULHAMENTO PREVENTIVO,PATRULHAMENTO PREVENTIVO
10/12/2024,VIOLÊNCIA DOMÉSTICA CONTRA A MULHER/MARIA DA PENHA,VIOLÊNCIA DOMÉSTICA CONTRA A MULHER/MARIA DA PENHA
10/12/2024,APOIO A OUTROS ÓRGÃOS,APOIO A OUTROS ÓRGÃOS
10/12/2024,VIAS DE FATO,VIAS DE FATO
10/12/2024,APOIO A OUTROS ÓRGÃOS,APOIO A OUTROS ÓRGÃOS
10/12/2024,VIOLÊNCIA DOMÉSTICA CONTRA A MULHER/MARIA DA PENHA,VIOLÊNCIA DOMÉSTICA CONTRA A MULHER/MARIA DA PENHA
10/12/2024,PATRULHAMENTO PREVENTIVO,PATRULHAMENTO PREVENTIVO
10/12/2024,VIOLÊNCIA DOMÉSTICA CONTRA A MULHER/MARIA DA PENHA,VIOLÊNCIA DOMÉSTICA CONTRA A MULHER/MARIA DA PENHA
10/12/2024,APOIO A OUTROS ÓRGÃOS,APOIO A OUTROS ÓRGÃOS
10/12/2024,BUSCA DE PERTENCE VIOLÊNCIA DOMÉSTICA,BUSCA DE PERTENCE VIOLÊNCIA DOMÉSTICA
10/12/2024,DESACATO,DESACATO
10/12/2024,ADULTERAÇÃO DE SINAL IDENTIFICADOR DE VEÍCULO AUTOMOTOR,ADULTERAÇÃO DE SINAL IDENTIFICADOR DE VEÍCULO AUTOMOTOR
10/12/2024,VIOLÊNCIA DOMÉSTICA CONTRA A MULHER/MARIA DA PENHA,VIOLÊNCIA DOMÉSTICA CONTRA A MULHER/MARIA DA PENHA
10/12/2024,DESCUMPRIMENTO DE ORDEM JUDICIAL/MEDIDA PROTETIVA,DESCUMPRIMENTO DE ORDEM JUDICIAL/MEDIDA PROTETIVA
10/12/2024,PATRULHAMENTO PREVENTIVO,PATRULHAMENTO PREVENTIVO
10/12/2024,PERTURBAÇÃO DA TRANQUILIDADE,PERTURBAÇÃO DA TRANQUILIDADE
11/12/2024,PERTURBAÇÃO DO TRABALHO OU DO SOSSEGO ALHEIO,PERTURBAÇÃO DO TRABALHO OU DO SOSSEGO ALHEIO
11/12/2024,ABORDAGEM A PESSOAS EM ATITUDE SUSPEITA,ABORDAGEM A PESSOAS EM ATITUDE SUSPEITA
11/12/2024,VIOLÊNCIA DOMÉSTICA,VIOLÊNCIA DOMÉSTICA
11/12/2024,VIOLÊNCIA DOMÉSTICA,VIOLÊNCIA DOMÉSTICA
11/12/2024,CORRUPÇÃO OU POLUIÇÃO DE ÁGUA POTÁVEL,CORRUPÇÃO OU POLUIÇÃO DE ÁGUA POTÁVEL
11/12/2024,COMUNICAÇÃO DE CRIME AMBIENTAL,COMUNICAÇÃO DE CRIME AMBIENTAL
11/12/2024,ABORDAGEM A PESSOAS EM ATITUDE SUSPEITA,ABORDAGEM A PESSOAS EM ATITUDE SUSPEITA
11/12/2024,AVERIGUAÇÃO EM CHAMADA PARA ATENDIMENTO,AVERIGUAÇÃO EM CHAMADA PARA ATENDIMENTO
11/12/2024,APOIO OU REFORÇO,APOIO OU REFORÇO
11/12/2024,ORDEM DE POLICIAMENTO,ORDEM DE POLICIAMENTO
11/12/2024,ORDEM DE POLICIAMENTO,ORDEM DE POLICIAMENTO
11/12/2024,ORDEM DE POLICIAMENTO,ORDEM DE POLICIAMENTO
11/12/2024,ORDEM DE POLICIAMENTO,ORDEM DE POLICIAMENTO
11/12/2024,ABORDAGEM A PESSOAS EM ATITUDE SUSPEITA,ABORDAGEM A PESSOAS EM ATITUDE SUSPEITA
11/12/2024,BUSCA DE PERTENCE VIOLÊNCIA DOMÉSTICA,BUSCA DE PERTENCE VIOLÊNCIA DOMÉSTICA
11/12/2024,IMPORTUNAÇÃO OFENSIVA AO PUDOR,IMPORTUNAÇÃO OFENSIVA AO PUDOR
11/12/2024,AMEAÇA,AMEAÇA
11/12/2024,VIOLÊNCIA DOMÉSTICA,VIOLÊNCIA DOMÉSTICA
11/12/2024,APOIO A OUTROS ÓRGÃOS,APOIO A OUTROS ÓRGÃOS
11/12/2024,ESTELIONATO,ESTELIONATO
11/12/2024,FURTO,FURTO
11/12/2024,APOIO A OUTROS ÓRGÃOS,APOIO A OUTROS ÓRGÃOS
11/12/2024,ABORDAGEM A PESSOAS EM ATITUDE SUSPEITA,ABORDAGEM A PESSOAS EM ATITUDE SUSPEITA
11/12/2024,VIOLÊNCIA DOMÉSTICA CONTRA A MULHER/MARIA DA PENHA,VIOLÊNCIA DOMÉSTICA CONTRA A MULHER/MARIA DA PENHA
11/12/2024,DESCUMPRIMENTO DE ORDEM JUDICIAL/MEDIDA PROTETIVA,DESCUMPRIMENTO DE ORDEM JUDICIAL/MEDIDA PROTETIVA
11/12/2024,APOIO A OUTROS ÓRGÃOS,APOIO A OUTROS ÓRGÃOS
11/12/2024,PERTURBAÇÃO DO TRABALHO OU DO SOSSEGO ALHEIO,PERTURBAÇÃO DO TRABALHO OU DO SOSSEGO ALHEIO
12/12/2024,APOIO A OUTROS ÓRGÃOS,APOIO A OUTROS ÓRGÃOS
12/12/2024,APOIO A OUTROS ÓRGÃOS,APOIO A OUTROS ÓRGÃOS
12/12/2024,DESCUMPRIMENTO DE ORDEM JUDICIAL/MEDIDA PROTETIVA,DESCUMPRIMENTO DE ORDEM JUDICIAL/MEDIDA PROTETIVA
12/12/2024,APOIO OU REFORÇO,APOIO OU REFORÇO
12/12/2024,PATRULHAMENTO PREVENTIVO,PATRULHAMENTO PREVENTIVO
12/12/2024,APOIO A OUTROS ÓRGÃOS,APOIO A OUTROS ÓRGÃOS
12/12/2024,VIOLÊNCIA DOMÉSTICA CONTRA A MULHER/MARIA DA PENHA,VIOLÊNCIA DOMÉSTICA CONTRA A MULHER/MARIA DA PENHA
12/12/2024,APOIO A OUTROS ÓRGÃOS,APOIO A OUTROS ÓRGÃOS
12/12/2024,PATRULHAMENTO PREVENTIVO,PATRULHAMENTO PREVENTIVO
12/12/2024,APOIO A OUTROS ÓRGÃOS,APOIO A OUTROS ÓRGÃOS
12/12/2024,APOIO A OUTROS ÓRGÃOS,APOIO A OUTROS ÓRGÃOS
12/12/2024,VIOLÊNCIA DOMÉSTICA CONTRA A MULHER/MARIA DA PENHA,VIOLÊNCIA DOMÉSTICA CONTRA A MULHER/MARIA DA PENHA
12/12/2024,APOIO A OUTROS ÓRGÃOS,APOIO A OUTROS ÓRGÃOS
12/12/2024,VIOLÊNCIA DOMÉSTICA,VIOLÊNCIA DOMÉSTICA
12/12/2024,VIOLÊNCIA DOMÉSTICA CONTRA A MULHER/MARIA DA PENHA,VIOLÊNCIA DOMÉSTICA CONTRA A MULHER/MARIA DA PENHA
12/12/2024,VIOLÊNCIA DOMÉSTICA,VIOLÊNCIA DOMÉSTICA
12/12/2024,APOIO A OUTROS ÓRGÃOS,APOIO A OUTROS ÓRGÃOS
12/12/2024,VIAS DE FATO,VIAS DE FATO
12/12/2024,PERTURBAÇÃO DA TRANQUILIDADE,PERTURBAÇÃO DA TRANQUILIDADE
12/12/2024,ABORDAGEM A PESSOAS EM ATITUDE SUSPEITA,ABORDAGEM A PESSOAS EM ATITUDE SUSPEITA
12/12/2024,ABORDAGEM A PESSOAS EM ATITUDE SUSPEITA,ABORDAGEM A PESSOAS EM ATITUDE SUSPEITA
12/12/2024,ABORDAGEM A PESSOAS EM ATITUDE SUSPEITA,ABORDAGEM A PESSOAS EM ATITUDE SUSPEITA
12/12/2024,PERTURBAÇÃO DO TRABALHO OU DO SOSSEGO ALHEIO,PERTURBAÇÃO DO TRABALHO OU DO SOSSEGO ALHEIO
12/12/2024,APOIO OU REFORÇO,APOIO OU REFORÇO
12/12/2024,PATRULHAMENTO PREVENTIVO,PATRULHAMENTO PREVENTIVO
12/12/2024,ABORDAGEM A PESSOAS EM ATITUDE SUSPEITA,ABORDAGEM A PESSOAS EM ATITUDE SUSPEITA
13/12/2024,APOIO A OUTROS ÓRGÃOS,APOIO A OUTROS ÓRGÃOS
13/12/2024,ABORDAGEM A PESSOAS EM ATITUDE SUSPEITA,ABORDAGEM A PESSOAS EM ATITUDE SUSPEITA
13/12/2024,PERTURBAÇÃO DO TRABALHO OU DO SOSSEGO ALHEIO,PERTURBAÇÃO DO TRABALHO OU DO SOSSEGO ALHEIO
12/12/2024,PERTURBAÇÃO DO TRABALHO OU DO SOSSEGO ALHEIO,PERTURBAÇÃO DO TRABALHO OU DO SOSSEGO ALHEIO
13/12/2024,PATRULHAMENTO PREVENTIVO,PATRULHAMENTO PREVENTIVO
12/12/2024,ORDEM DE POLICIAMENTO,ORDEM DE POLICIAMENTO
12/12/2024,ORDEM DE POLICIAMENTO,ORDEM DE POLICIAMENTO
12/12/2024,ORDEM DE POLICIAMENTO,ORDEM DE POLICIAMENTO
12/12/2024,ORDEM DE POLICIAMENTO,ORDEM DE POLICIAMENTO
13/12/2024,PATRULHAMENTO PREVENTIVO,PATRULHAMENTO PREVENTIVO
13/12/2024,PATRULHAMENTO PREVENTIVO,PATRULHAMENTO PREVENTIVO
13/12/2024,AVERIGUAÇÃO EM CHAMADA PARA ATENDIMENTO,AVERIGUAÇÃO EM CHAMADA PARA ATENDIMENTO
13/12/2024,VIOLÊNCIA DOMÉSTICA,VIOLÊNCIA DOMÉSTICA
13/12/2024,MAUS-TRATOS A ANIMAIS,MAUS-TRATOS A ANIMAIS
13/12/2024,TRÁFICO DE DROGAS,TRÁFICO DE DROGAS
13/12/2024,APOIO A OUTROS ÓRGÃOS,APOIO A OUTROS ÓRGÃOS
13/12/2024,APOIO A OUTROS ÓRGÃOS,APOIO A OUTROS ÓRGÃOS
13/12/2024,VIOLÊNCIA DOMÉSTICA,VIOLÊNCIA DOMÉSTICA
13/12/2024,ORDEM DE POLICIAMENTO,ORDEM DE POLICIAMENTO
13/12/2024,VIOLÊNCIA DOMÉSTICA,VIOLÊNCIA DOMÉSTICA
13/12/2024,VIOLÊNCIA DOMÉSTICA,VIOLÊNCIA DOMÉSTICA
13/12/2024,DESCUMPRIMENTO DE ORDEM JUDICIAL/MEDIDA PROTETIVA,DESCUMPRIMENTO DE ORDEM JUDICIAL/MEDIDA PROTETIVA
13/12/2024,VIOLÊNCIA DOMÉSTICA,VIOLÊNCIA DOMÉSTICA
13/12/2024,APOIO OU REFORÇO,APOIO OU REFORÇO
13/12/2024,DESORDEM,DESORDEM
13/12/2024,APOIO A OUTROS ÓRGÃOS,APOIO A OUTROS ÓRGÃOS
13/12/2024,APOIO A OUTROS ÓRGÃOS,APOIO A OUTROS ÓRGÃOS
13/12/2024,PATRULHAMENTO PREVENTIVO,PATRULHAMENTO PREVENTIVO
14/12/2024,APOIO OU REFORÇO,APOIO OU REFORÇO
13/12/2024,APOIO A OUTROS ÓRGÃOS,APOIO A OUTROS ÓRGÃOS
13/12/2024,PATRULHAMENTO PREVENTIVO,PATRULHAMENTO PREVENTIVO
14/12/2024,PATRULHAMENTO PREVENTIVO,PATRULHAMENTO PREVENTIVO
14/12/2024,VIOLÊNCIA DOMÉSTICA CONTRA A MULHER/MARIA DA PENHA,VIOLÊNCIA DOMÉSTICA CONTRA A MULHER/MARIA DA PENHA
14/12/2024,VIOLÊNCIA DOMÉSTICA CONTRA A MULHER/MARIA DA PENHA,VIOLÊNCIA DOMÉSTICA CONTRA A MULHER/MARIA DA PENHA
14/12/2024,PATRULHAMENTO PREVENTIVO,PATRULHAMENTO PREVENTIVO
14/12/2024,APOIO A OUTROS ÓRGÃOS,APOIO A OUTROS ÓRGÃOS
14/12/2024,FURTO,FURTO
14/12/2024,APOIO A OUTROS ÓRGÃOS,APOIO A OUTROS ÓRGÃOS
14/12/2024,TENTATIVA DE FURTO,TENTATIVA DE FURTO
14/12/2024,VIOLÊNCIA DOMÉSTICA CONTRA A MULHER/MARIA DA PENHA,VIOLÊNCIA DOMÉSTICA CONTRA A MULHER/MARIA DA PENHA
14/12/2024,VIOLÊNCIA DOMÉSTICA CONTRA A MULHER/MARIA DA PENHA,VIOLÊNCIA DOMÉSTICA CONTRA A MULHER/MARIA DA PENHA
14/12/2024,VIOLÊNCIA DOMÉSTICA CONTRA A MULHER/MARIA DA PENHA,VIOLÊNCIA DOMÉSTICA CONTRA A MULHER/MARIA DA PENHA
14/12/2024,VIOLÊNCIA DOMÉSTICA,VIOLÊNCIA DOMÉSTICA
14/12/2024,PERTURBAÇÃO DO TRABALHO OU DO SOSSEGO ALHEIO,PERTURBAÇÃO DO TRABALHO OU DO SOSSEGO ALHEIO
14/12/2024,VIAS DE FATO,VIAS DE FATO
14/12/2024,APOIO A OUTROS ÓRGÃOS,APOIO A OUTROS ÓRGÃOS
14/12/2024,PATRULHAMENTO PREVENTIVO,PATRULHAMENTO PREVENTIVO
14/12/2024,APOIO A OUTROS ÓRGÃOS,APOIO A OUTROS ÓRGÃOS
14/12/2024,COMUNICAÇÃO DE CRIME AMBIENTAL,COMUNICAÇÃO DE CRIME AMBIENTAL
14/12/2024,VIOLÊNCIA DOMÉSTICA CONTRA A MULHER/MARIA DA PENHA,VIOLÊNCIA DOMÉSTICA CONTRA A MULHER/MARIA DA PENHA
15/12/2024,PERTURBAÇÃO DO TRABALHO OU DO SOSSEGO ALHEIO,PERTURBAÇÃO DO TRABALHO OU DO SOSSEGO ALHEIO
14/12/2024,PERTURBAÇÃO DO TRABALHO OU DO SOSSEGO ALHEIO,PERTURBAÇÃO DO TRABALHO OU DO SOSSEGO ALHEIO
15/12/2024,PERTURBAÇÃO DO TRABALHO OU DO SOSSEGO ALHEIO,PERTURBAÇÃO DO TRABALHO OU DO SOSSEGO ALHEIO
15/12/2024,TENTATIVA DE FURTO,TENTATIVA DE FURTO
15/12/2024,VIOLÊNCIA DOMÉSTICA,VIOLÊNCIA DOMÉSTICA
15/12/2024,VIOLÊNCIA DOMÉSTICA,VIOLÊNCIA DOMÉSTICA
15/12/2024,VIOLÊNCIA DOMÉSTICA,VIOLÊNCIA DOMÉSTICA
15/12/2024,PATRULHAMENTO PREVENTIVO,PATRULHAMENTO PREVENTIVO
15/12/2024,VIOLÊNCIA DOMÉSTICA,VIOLÊNCIA DOMÉSTICA
15/12/2024,ABORDAGEM A PESSOAS EM ATITUDE SUSPEITA,ABORDAGEM A PESSOAS EM ATITUDE SUSPEITA
15/12/2024,VIOLÊNCIA DOMÉSTICA,VIOLÊNCIA DOMÉSTICA
15/12/2024,VIOLÊNCIA DOMÉSTICA,VIOLÊNCIA DOMÉSTICA
15/12/2024,VIOLÊNCIA DOMÉSTICA CONTRA A MULHER/MARIA DA PENHA,VIOLÊNCIA DOMÉSTICA CONTRA A MULHER/MARIA DA PENHA
15/12/2024,APOIO A OUTROS ÓRGÃOS,APOIO A OUTROS ÓRGÃOS
15/12/2024,APOIO A OUTROS ÓRGÃOS,APOIO A OUTROS ÓRGÃOS
15/12/2024,APOIO A OUTROS ÓRGÃOS/VIOLÊNCIA DOMÉSTICA,APOIO A OUTROS ÓRGÃOS/VIOLÊNCIA DOMÉSTICA
15/12/2024,ORDEM DE POLICIAMENTO,ORDEM DE POLICIAMENTO
15/12/2024,VIOLÊNCIA DOMÉSTICA,VIOLÊNCIA DOMÉSTICA
15/12/2024,VIOLÊNCIA DOMÉSTICA,VIOLÊNCIA DOMÉSTICA
15/12/2024,APOIO A OUTROS ÓRGÃOS,APOIO A OUTROS ÓRGÃOS
15/12/2024,VIOLÊNCIA DOMÉSTICA,VIOLÊNCIA DOMÉSTICA
15/12/2024,POLICIAMENTO OSTENSIVO EM EVENTOS SÓCIO-CULTURAIS,POLICIAMENTO OSTENSIVO EM EVENTOS SÓCIO-CULTURAIS
15/12/2024,VIOLÊNCIA DOMÉSTICA,VIOLÊNCIA DOMÉSTICA
15/12/2024,ABORDAGEM A PESSOAS EM ATITUDE SUSPEITA,ABORDAGEM A PESSOAS EM ATITUDE SUSPEITA
15/12/2024,APOIO A OUTROS ÓRGÃOS,APOIO A OUTROS ÓRGÃOS
15/12/2024,PERTURBAÇÃO DA TRANQUILIDADE,PERTURBAÇÃO DA TRANQUILIDADE
15/12/2024,APOIO A OUTROS ÓRGÃOS,APOIO A OUTROS ÓRGÃOS
15/12/2024,APOIO A OUTROS ÓRGÃOS,APOIO A OUTROS ÓRGÃOS
15/12/2024,PERTURBAÇÃO DO TRABALHO OU DO SOSSEGO ALHEIO,PERTURBAÇÃO DO TRABALHO OU DO SOSSEGO ALHEIO
15/12/2024,PERTURBAÇÃO DO TRABALHO OU DO SOSSEGO ALHEIO,PERTURBAÇÃO DO TRABALHO OU DO SOSSEGO ALHEIO
15/12/2024,PERTURBAÇÃO DO TRABALHO OU DO SOSSEGO ALHEIO,PERTURBAÇÃO DO TRABALHO OU DO SOSSEGO ALHEIO
16/12/2024,PATRULHAMENTO PREVENTIVO,PATRULHAMENTO PREVENTIVO
16/12/2024,VIOLÊNCIA DOMÉSTICA CONTRA A MULHER/MARIA DA PENHA,VIOLÊNCIA DOMÉSTICA CONTRA A MULHER/MARIA DA PENHA
16/12/2024,PATRULHAMENTO PREVENTIVO,PATRULHAMENTO PREVENTIVO
16/12/2024,VIOLÊNCIA DOMÉSTICA CONTRA A MULHER/MARIA DA PENHA,VIOLÊNCIA DOMÉSTICA CONTRA A MULHER/MARIA DA PENHA
16/12/2024,APOIO A OUTROS ÓRGÃOS,APOIO A OUTROS ÓRGÃOS
16/12/2024,AVERIGUAÇÃO EM CHAMADA PARA ATENDIMENTO,AVERIGUAÇÃO EM CHAMADA PARA ATENDIMENTO
16/12/2024,VIOLÊNCIA DOMÉSTICA CONTRA A MULHER/MARIA DA PENHA,VIOLÊNCIA DOMÉSTICA CONTRA A MULHER/MARIA DA PENHA
16/12/2024,PATRULHAMENTO PREVENTIVO,PATRULHAMENTO PREVENTIVO
16/12/2024,APOIO A OUTROS ÓRGÃOS,APOIO A OUTROS ÓRGÃOS
16/12/2024,VIAS DE FATO,VIAS DE FATO
16/12/2024,TENTATIVA DE ESTELIONATO,TENTATIVA DE ESTELIONATO
16/12/2024,VIOLÊNCIA DOMÉSTICA CONTRA A MULHER/MARIA DA PENHA,VIOLÊNCIA DOMÉSTICA CONTRA A MULHER/MARIA DA PENHA
16/12/2024,APOIO A OUTROS ÓRGÃOS,APOIO A OUTROS ÓRGÃOS
16/12/2024,PATRULHAMENTO PREVENTIVO,PATRULHAMENTO PREVENTIVO
16/12/2024,VIOLÊNCIA DOMÉSTICA CONTRA A MULHER/MARIA DA PENHA,VIOLÊNCIA DOMÉSTICA CONTRA A MULHER/MARIA DA PENHA
16/12/2024,PATRULHAMENTO PREVENTIVO,PATRULHAMENTO PREVENTIVO
16/12/2024,VIOLÊNCIA DOMÉSTICA CONTRA A MULHER/MARIA DA PENHA,VIOLÊNCIA DOMÉSTICA CONTRA A MULHER/MARIA DA PENHA
16/12/2024,APOIO A OUTROS ÓRGÃOS,APOIO A OUTROS ÓRGÃOS
16/12/2024,APOIO A OUTROS ÓRGÃOS,APOIO A OUTROS ÓRGÃOS
16/12/2024,PERTURBAÇÃO DO TRABALHO OU DO SOSSEGO ALHEIO,PERTURBAÇÃO DO TRABALHO OU DO SOSSEGO ALHEIO
16/12/2024,ABORDAGEM A PESSOAS EM ATITUDE SUSPEITA/PATRULHAMENTO PREVENTIVO,ABORDAGEM A PESSOAS EM ATITUDE SUSPEITA/PATRULHAMENTO PREVENTIVO
16/12/2024,PERTURBAÇÃO DA TRANQUILIDADE,PERTURBAÇÃO DA TRANQUILIDADE
17/12/2024,APOIO A OUTROS ÓRGÃOS,APOIO A OUTROS ÓRGÃOS
17/12/2024,APOIO A OUTROS ÓRGÃOS,APOIO A OUTROS ÓRGÃOS
17/12/2024,ORDEM DE POLICIAMENTO,ORDEM DE POLICIAMENTO
17/12/2024,ORDEM DE POLICIAMENTO,ORDEM DE POLICIAMENTO
17/12/2024,ORDEM DE POLICIAMENTO,ORDEM DE POLICIAMENTO
17/12/2024,VIOLÊNCIA DOMÉSTICA,VIOLÊNCIA DOMÉSTICA
17/12/2024,VIOLÊNCIA DOMÉSTICA,VIOLÊNCIA DOMÉSTICA
17/12/2024,VIOLÊNCIA DOMÉSTICA,VIOLÊNCIA DOMÉSTICA
17/12/2024,ABORDAGEM A PESSOAS EM ATITUDE SUSPEITA,ABORDAGEM A PESSOAS EM ATITUDE SUSPEITA
17/12/2024,AMEAÇA,AMEAÇA
17/12/2024,VIOLÊNCIA DOMÉSTICA,VIOLÊNCIA DOMÉSTICA
17/12/2024,VIOLÊNCIA DOMÉSTICA,VIOLÊNCIA DOMÉSTICA
17/12/2024,PATRULHAMENTO PREVENTIVO,PATRULHAMENTO PREVENTIVO
17/12/2024,VIOLÊNCIA DOMÉSTICA,VIOLÊNCIA DOMÉSTICA
17/12/2024,VIOLÊNCIA DOMÉSTICA,VIOLÊNCIA DOMÉSTICA
17/12/2024,PATRULHAMENTO PREVENTIVO,PATRULHAMENTO PREVENTIVO
17/12/2024,VIOLÊNCIA DOMÉSTICA,VIOLÊNCIA DOMÉSTICA
17/12/2024,VIOLÊNCIA DOMÉSTICA,VIOLÊNCIA DOMÉSTICA
17/12/2024,VIOLÊNCIA DOMÉSTICA,VIOLÊNCIA DOMÉSTICA
17/12/2024,PERTURBAÇÃO DO TRABALHO OU DO SOSSEGO ALHEIO,PERTURBAÇÃO DO TRABALHO OU DO SOSSEGO ALHEIO
17/12/2024,APOIO OU REFORÇO,APOIO OU REFORÇO
18/12/2024,DENÚNCIA/INFRAÇÃO DE TRÂNSITO,DENÚNCIA/INFRAÇÃO DE TRÂNSITO
18/12/2024,PERTURBAÇÃO DO TRABALHO OU DO SOSSEGO ALHEIO,PERTURBAÇÃO DO TRABALHO OU DO SOSSEGO ALHEIO
17/12/2024,VIOLÊNCIA DOMÉSTICA CONTRA A MULHER/MARIA DA PENHA,VIOLÊNCIA DOMÉSTICA CONTRA A MULHER/MARIA DA PENHA
18/12/2024,VIOLÊNCIA DOMÉSTICA CONTRA A MULHER/MARIA DA PENHA,VIOLÊNCIA DOMÉSTICA CONTRA A MULHER/MARIA DA PENHA
18/12/2024,VIOLÊNCIA DOMÉSTICA CONTRA A MULHER/MARIA DA PENHA,VIOLÊNCIA DOMÉSTICA CONTRA A MULHER/MARIA DA PENHA
18/12/2024,VIOLÊNCIA DOMÉSTICA CONTRA A MULHER/MARIA DA PENHA,VIOLÊNCIA DOMÉSTICA CONTRA A MULHER/MARIA DA PENHA
18/12/2024,TENTATIVA DE VIOLAÇÃO DE DOMICÍLIO,TENTATIVA DE VIOLAÇÃO DE DOMICÍLIO
18/12/2024,PATRULHAMENTO PREVENTIVO,PATRULHAMENTO PREVENTIVO
18/12/2024,AMEAÇA,AMEAÇA
18/12/2024,APOIO A OUTROS ÓRGÃOS,APOIO A OUTROS ÓRGÃOS
18/12/2024,VIOLÊNCIA DOMÉSTICA CONTRA A MULHER/MARIA DA PENHA,VIOLÊNCIA DOMÉSTICA CONTRA A MULHER/MARIA DA PENHA
18/12/2024,APOIO A OUTROS ÓRGÃOS,APOIO A OUTROS ÓRGÃOS
18/12/2024,AVERIGUAÇÃO EM CHAMADA PARA ATENDIMENTO,AVERIGUAÇÃO EM CHAMADA PARA ATENDIMENTO
18/12/2024,DANO,DANO
18/12/2024,PATRULHAMENTO PREVENTIVO,PATRULHAMENTO PREVENTIVO
18/12/2024,PATRULHAMENTO PREVENTIVO,PATRULHAMENTO PREVENTIVO
18/12/2024,PATRULHAMENTO PREVENTIVO,PATRULHAMENTO PREVENTIVO
18/12/2024,APOIO A OUTROS ÓRGÃOS,APOIO A OUTROS ÓRGÃOS
18/12/2024,VIOLÊNCIA DOMÉSTICA CONTRA A MULHER/MARIA DA PENHA,VIOLÊNCIA DOMÉSTICA CONTRA A MULHER/MARIA DA PENHA
18/12/2024,VIOLÊNCIA DOMÉSTICA CONTRA A MULHER/MARIA DA PENHA,VIOLÊNCIA DOMÉSTICA CONTRA A MULHER/MARIA DA PENHA
18/12/2024,PATRULHAMENTO PREVENTIVO,PATRULHAMENTO PREVENTIVO
18/12/2024,VIOLÊNCIA DOMÉSTICA CONTRA A MULHER/MARIA DA PENHA,VIOLÊNCIA DOMÉSTICA CONTRA A MULHER/MARIA DA PENHA
18/12/2024,APOIO OU REFORÇO/PATRULHAMENTO PREVENTIVO,APOIO OU REFORÇO/PATRULHAMENTO PREVENTIVO
18/12/2024,PATRULHAMENTO PREVENTIVO,PATRULHAMENTO PREVENTIVO
18/12/2024,VIOLÊNCIA DOMÉSTICA CONTRA A MULHER/MARIA DA PENHA,VIOLÊNCIA DOMÉSTICA CONTRA A MULHER/MARIA DA PENHA
18/12/2024,PATRULHAMENTO PREVENTIVO,PATRULHAMENTO PREVENTIVO
18/12/2024,PATRULHAMENTO PREVENTIVO,PATRULHAMENTO PREVENTIVO
18/12/2024,ATO OBSCENO,ATO OBSCENO
18/12/2024,DANO,DANO
18/12/2024,AVERIGUAÇÃO EM CHAMADA PARA ATENDIMENTO,AVERIGUAÇÃO EM CHAMADA PARA ATENDIMENTO
18/12/2024,ATO OBSCENO,ATO OBSCENO
18/12/2024,AVERIGUAÇÃO DE DISPARO DE ALARME/AVERIGUAÇÃO EM CHAMADA PARA ATENDIMENTO,AVERIGUAÇÃO DE DISPARO DE ALARME/AVERIGUAÇÃO EM CHAMADA PARA ATENDIMENTO
18/12/2024,COMUNICAÇÃO DE CRIME AMBIENTAL,COMUNICAÇÃO DE CRIME AMBIENTAL
18/12/2024,APOIO A OUTROS ÓRGÃOS,APOIO A OUTROS ÓRGÃOS
18/12/2024,RELATOS DA VITIMA VIOLÊNCIA DOMESTICA,RELATOS DA VITIMA VIOLÊNCIA DOMESTICA
18/12/2024,PERTURBAÇÃO DA TRANQUILIDADE,PERTURBAÇÃO DA TRANQUILIDADE
18/12/2024,PERTURBAÇÃO DA TRANQUILIDADE,PERTURBAÇÃO DA TRANQUILIDADE
18/12/2024,PERTURBAÇÃO DO TRABALHO OU DO SOSSEGO ALHEIO,PERTURBAÇÃO DO TRABALHO OU DO SOSSEGO ALHEIO
18/12/2024,PERTURBAÇÃO DO TRABALHO OU DO SOSSEGO ALHEIO,PERTURBAÇÃO DO TRABALHO OU DO SOSSEGO ALHEIO
18/12/2024,PERTURBAÇÃO DO TRABALHO OU DO SOSSEGO ALHEIO,PERTURBAÇÃO DO TRABALHO OU DO SOSSEGO ALHEIO
18/12/2024,PERTURBAÇÃO DO TRABALHO OU DO SOSSEGO ALHEIO,PERTURBAÇÃO DO TRABALHO OU DO SOSSEGO ALHEIO
18/12/2024,DESCUMPRIMENTO DE ORDEM JUDICIAL/MEDIDA PROTETIVA,DESCUMPRIMENTO DE ORDEM JUDICIAL/MEDIDA PROTETIVA
18/12/2024,PERTURBAÇÃO DA TRANQUILIDADE,PERTURBAÇÃO DA TRANQUILIDADE
18/12/2024,PERTURBAÇÃO DA TRANQUILIDADE,PERTURBAÇÃO DA TRANQUILIDADE
18/12/2024,PERTURBAÇÃO DA TRANQUILIDADE,PERTURBAÇÃO DA TRANQUILIDADE
18/12/2024,PERTURBAÇÃO DA TRANQUILIDADE,PERTURBAÇÃO DA TRANQUILIDADE
18/12/2024,PERTURBAÇÃO DO TRABALHO OU DO SOSSEGO ALHEIO,PERTURBAÇÃO DO TRABALHO OU DO SOSSEGO ALHEIO
19/12/2024,APOIO OU REFORÇO,APOIO OU REFORÇO
19/12/2024,FURTO,FURTO
19/12/2024,VIOLÊNCIA DOMÉSTICA,VIOLÊNCIA DOMÉSTICA
19/12/2024,VIOLÊNCIA DOMÉSTICA,VIOLÊNCIA DOMÉSTICA
19/12/2024,VIOLÊNCIA DOMÉSTICA,VIOLÊNCIA DOMÉSTICA
19/12/2024,APOIO A OUTROS ÓRGÃOS,APOIO A OUTROS ÓRGÃOS
19/12/2024,APOIO OU REFORÇO,APOIO OU REFORÇO
19/12/2024,AMEAÇA,AMEAÇA
19/12/2024,VIOLÊNCIA DOMÉSTICA,VIOLÊNCIA DOMÉSTICA
19/12/2024,PATRULHAMENTO PREVENTIVO,PATRULHAMENTO PREVENTIVO
19/12/2024,AMEAÇA,AMEAÇA
19/12/2024,VIOLÊNCIA DOMÉSTICA,VIOLÊNCIA DOMÉSTICA
19/12/2024,APOIO A OUTROS ÓRGÃOS,APOIO A OUTROS ÓRGÃOS
19/12/2024,VIOLÊNCIA DOMÉSTICA,VIOLÊNCIA DOMÉSTICA
19/12/2024,VIOLÊNCIA DOMÉSTICA CONTRA A MULHER/MARIA DA PENHA,VIOLÊNCIA DOMÉSTICA CONTRA A MULHER/MARIA DA PENHA
19/12/2024,COMUNICAÇÃO DE INVASÃO,COMUNICAÇÃO DE INVASÃO
19/12/2024,PATRULHAMENTO PREVENTIVO/MARIA DA PENHA/VIOLÊNCIA DOMÉSTICA CONTRA A MULHER/MARIA DA PENHA,PATRULHAMENTO PREVENTIVO/MARIA DA PENHA/VIOLÊNCIA DOMÉSTICA CONTRA A MULHER/MARIA DA PENHA
19/12/2024,AVERIGUAÇÃO EM CHAMADA PARA ATENDIMENTO,AVERIGUAÇÃO EM CHAMADA PARA ATENDIMENTO
19/12/2024,VIOLÊNCIA DOMÉSTICA,VIOLÊNCIA DOMÉSTICA
19/12/2024,PERTURBAÇÃO DA TRANQUILIDADE,PERTURBAÇÃO DA TRANQUILIDADE
19/12/2024,ABORDAGEM A PESSOAS EM ATITUDE SUSPEITA,ABORDAGEM A PESSOAS EM ATITUDE SUSPEITA
19/12/2024,APOIO A OUTROS ÓRGÃOS,APOIO A OUTROS ÓRGÃOS
20/12/2024,DEPREDAÇÃO,DEPREDAÇÃO
19/12/2024,ABORDAGEM A VEÍCULO,ABORDAGEM A VEÍCULO
20/12/2024,PERTURBAÇÃO DA TRANQUILIDADE,PERTURBAÇÃO DA TRANQUILIDADE
20/12/2024,APOIO A OUTROS ÓRGÃOS,APOIO A OUTROS ÓRGÃOS
20/12/2024,VIOLÊNCIA DOMÉSTICA CONTRA A MULHER/MARIA DA PENHA,VIOLÊNCIA DOMÉSTICA CONTRA A MULHER/MARIA DA PENHA
20/12/2024,PATRULHAMENTO PREVENTIVO,PATRULHAMENTO PREVENTIVO
20/12/2024,PATRULHAMENTO PREVENTIVO,PATRULHAMENTO PREVENTIVO
20/12/2024,VIOLÊNCIA DOMÉSTICA CONTRA A MULHER/MARIA DA PENHA,VIOLÊNCIA DOMÉSTICA CONTRA A MULHER/MARIA DA PENHA
20/12/2024,PATRULHAMENTO PREVENTIVO,PATRULHAMENTO PREVENTIVO
20/12/2024,ACIDENTE DE TRÂNSITO SEM VÍTIMA,ACIDENTE DE TRÂNSITO SEM VÍTIMA
20/12/2024,PATRULHAMENTO PREVENTIVO,PATRULHAMENTO PREVENTIVO
20/12/2024,PATRULHAMENTO PREVENTIVO,PATRULHAMENTO PREVENTIVO
20/12/2024,PATRULHAMENTO PREVENTIVO,PATRULHAMENTO PREVENTIVO
20/12/2024,VIOLÊNCIA DOMÉSTICA CONTRA A MULHER/MARIA DA PENHA,VIOLÊNCIA DOMÉSTICA CONTRA A MULHER/MARIA DA PENHA
20/12/2024,PATRULHAMENTO PREVENTIVO,PATRULHAMENTO PREVENTIVO
20/12/2024,VIOLÊNCIA DOMÉSTICA CONTRA A MULHER/MARIA DA PENHA,VIOLÊNCIA DOMÉSTICA CONTRA A MULHER/MARIA DA PENHA
20/12/2024,AVERIGUAÇÃO EM CHAMADA PARA ATENDIMENTO,AVERIGUAÇÃO EM CHAMADA PARA ATENDIMENTO
20/12/2024,VIOLÊNCIA DOMÉSTICA CONTRA A MULHER/MARIA DA PENHA,VIOLÊNCIA DOMÉSTICA CONTRA A MULHER/MARIA DA PENHA
20/12/2024,ABORDAGEM A PESSOAS EM ATITUDE SUSPEITA,ABORDAGEM A PESSOAS EM ATITUDE SUSPEITA
20/12/2024,PATRULHAMENTO PREVENTIVO,PATRULHAMENTO PREVENTIVO
20/12/2024,ABANDONAR PESSOA COM DEFICIÊNCIA EM HOSPITAIS/ OU NÃO PROVER SUAS NECESSIDADES BÁSICAS/ABORDAGEM A PESSOAS EM ATITUDE SUSPEITA,ABANDONAR PESSOA COM DEFICIÊNCIA EM HOSPITAIS/ OU NÃO PROVER SUAS NECESSIDADES BÁSICAS/ABORDAGEM A PESSOAS EM ATITUDE SUSPEITA
20/12/2024,PATRULHAMENTO PREVENTIVO,PATRULHAMENTO PREVENTIVO
20/12/2024,ABORDAGEM A PESSOAS EM ATITUDE SUSPEITA,ABORDAGEM A PESSOAS EM ATITUDE SUSPEITA
20/12/2024,APOIO A OUTROS ÓRGÃOS,APOIO A OUTROS ÓRGÃOS
20/12/2024,ARROMBAMENTO,ARROMBAMENTO
20/12/2024,APOIO A OUTROS ÓRGÃOS,APOIO A OUTROS ÓRGÃOS
20/12/2024,APOIO A OUTROS ÓRGÃOS,APOIO A OUTROS ÓRGÃOS
21/12/2024,APOIO A OUTROS ÓRGÃOS,APOIO A OUTROS ÓRGÃOS
20/12/2024,AVERIGUAÇÃO EM CHAMADA PARA ATENDIMENTO,AVERIGUAÇÃO EM CHAMADA PARA ATENDIMENTO
20/12/2024,PERTURBAÇÃO DO TRABALHO OU DO SOSSEGO ALHEIO,PERTURBAÇÃO DO TRABALHO OU DO SOSSEGO ALHEIO
20/12/2024,PERTURBAÇÃO DO TRABALHO OU DO SOSSEGO ALHEIO,PERTURBAÇÃO DO TRABALHO OU DO SOSSEGO ALHEIO
21/12/2024,PERTURBAÇÃO DO TRABALHO OU DO SOSSEGO ALHEIO,PERTURBAÇÃO DO TRABALHO OU DO SOSSEGO ALHEIO
21/12/2024,PERTURBAÇÃO DA TRANQUILIDADE,PERTURBAÇÃO DA TRANQUILIDADE
21/12/2024,PERTURBAÇÃO DA TRANQUILIDADE,PERTURBAÇÃO DA TRANQUILIDADE
21/12/2024,TENTATIVA DE FURTO,TENTATIVA DE FURTO
21/12/2024,APOIO OU REFORÇO,APOIO OU REFORÇO
21/12/2024,ABORDAGEM A PESSOAS EM ATITUDE SUSPEITA/PATRULHAMENTO PREVENTIVO,ABORDAGEM A PESSOAS EM ATITUDE SUSPEITA/PATRULHAMENTO PREVENTIVO
21/12/2024,VIOLÊNCIA DOMÉSTICA,VIOLÊNCIA DOMÉSTICA
21/12/2024,VIOLÊNCIA DOMÉSTICA CONTRA A MULHER/MARIA DA PENHA,VIOLÊNCIA DOMÉSTICA CONTRA A MULHER/MARIA DA PENHA
21/12/2024,VIOLÊNCIA DOMÉSTICA CONTRA A MULHER/MARIA DA PENHA,VIOLÊNCIA DOMÉSTICA CONTRA A MULHER/MARIA DA PENHA
21/12/2024,PATRULHAMENTO PREVENTIVO,PATRULHAMENTO PREVENTIVO
21/12/2024,VIOLÊNCIA DOMÉSTICA CONTRA A MULHER/MARIA DA PENHA,VIOLÊNCIA DOMÉSTICA CONTRA A MULHER/MARIA DA PENHA
21/12/2024,ABORDAGEM A PESSOAS EM ATITUDE SUSPEITA,ABORDAGEM A PESSOAS EM ATITUDE SUSPEITA
21/12/2024,VIOLÊNCIA DOMÉSTICA,VIOLÊNCIA DOMÉSTICA
21/12/2024,PERTURBAÇÃO DO TRABALHO OU DO SOSSEGO ALHEIO,PERTURBAÇÃO DO TRABALHO OU DO SOSSEGO ALHEIO
21/12/2024,VIOLÊNCIA DOMÉSTICA CONTRA A MULHER/MARIA DA PENHA,VIOLÊNCIA DOMÉSTICA CONTRA A MULHER/MARIA DA PENHA
21/12/2024,PERTURBAÇÃO DO TRABALHO OU DO SOSSEGO ALHEIO,PERTURBAÇÃO DO TRABALHO OU DO SOSSEGO ALHEIO
21/12/2024,ORDEM DE POLICIAMENTO,ORDEM DE POLICIAMENTO
21/12/2024,VIOLÊNCIA DOMÉSTICA CONTRA A MULHER/MARIA DA PENHA,VIOLÊNCIA DOMÉSTICA CONTRA A MULHER/MARIA DA PENHA
21/12/2024,VIOLÊNCIA DOMÉSTICA CONTRA A MULHER/MARIA DA PENHA,VIOLÊNCIA DOMÉSTICA CONTRA A MULHER/MARIA DA PENHA
21/12/2024,ORDEM DE POLICIAMENTO,ORDEM DE POLICIAMENTO
21/12/2024,ORDEM DE POLICIAMENTO,ORDEM DE POLICIAMENTO
21/12/2024,ABORDAGEM A VEÍCULO,ABORDAGEM A VEÍCULO
21/12/2024,VIOLÊNCIA DOMÉSTICA,VIOLÊNCIA DOMÉSTICA
21/12/2024,PERTURBAÇÃO DO TRABALHO OU DO SOSSEGO ALHEIO,PERTURBAÇÃO DO TRABALHO OU DO SOSSEGO ALHEIO
21/12/2024,BUSCA DE PERTENCE VIOLÊNCIA DOMÉSTICA,BUSCA DE PERTENCE VIOLÊNCIA DOMÉSTICA
21/12/2024,VIOLÊNCIA DOMÉSTICA CONTRA A MULHER/MARIA DA PENHA,VIOLÊNCIA DOMÉSTICA CONTRA A MULHER/MARIA DA PENHA
21/12/2024,VIOLÊNCIA DOMÉSTICA CONTRA A MULHER/MARIA DA PENHA,VIOLÊNCIA DOMÉSTICA CONTRA A MULHER/MARIA DA PENHA
21/12/2024,AVERIGUAÇÃO EM CHAMADA PARA ATENDIMENTO,AVERIGUAÇÃO EM CHAMADA PARA ATENDIMENTO
21/12/2024,APOIO A OUTROS ÓRGÃOS,APOIO A OUTROS ÓRGÃOS
21/12/2024,ORDEM DE POLICIAMENTO,ORDEM DE POLICIAMENTO
22/12/2024,PERTURBAÇÃO DO TRABALHO OU DO SOSSEGO ALHEIO,PERTURBAÇÃO DO TRABALHO OU DO SOSSEGO ALHEIO
21/12/2024,PATRULHAMENTO PREVENTIVO,PATRULHAMENTO PREVENTIVO
21/12/2024,APOIO A OUTROS ÓRGÃOS,APOIO A OUTROS ÓRGÃOS
21/12/2024,ABORDAGEM A PESSOAS EM ATITUDE SUSPEITA,ABORDAGEM A PESSOAS EM ATITUDE SUSPEITA
21/12/2024,APOIO A OUTROS ÓRGÃOS,APOIO A OUTROS ÓRGÃOS
21/12/2024,PERTURBAÇÃO DO TRABALHO OU DO SOSSEGO ALHEIO,PERTURBAÇÃO DO TRABALHO OU DO SOSSEGO ALHEIO
21/12/2024,EMBRIAGUEZ,EMBRIAGUEZ
22/12/2024,PERTURBAÇÃO DA TRANQUILIDADE,PERTURBAÇÃO DA TRANQUILIDADE
22/12/2024,ABORDAGEM A PESSOAS EM ATITUDE SUSPEITA,ABORDAGEM A PESSOAS EM ATITUDE SUSPEITA
21/12/2024,PERTURBAÇÃO DO TRABALHO OU DO SOSSEGO ALHEIO,PERTURBAÇÃO DO TRABALHO OU DO SOSSEGO ALHEIO
22/12/2024,ORDEM DE POLICIAMENTO,ORDEM DE POLICIAMENTO
22/12/2024,ABORDAGEM A VEÍCULO,ABORDAGEM A VEÍCULO
22/12/2024,VIOLÊNCIA DOMÉSTICA CONTRA A MULHER/MARIA DA PENHA,VIOLÊNCIA DOMÉSTICA CONTRA A MULHER/MARIA DA PENHA
22/12/2024,APOIO OU REFORÇO,APOIO OU REFORÇO
22/12/2024,PATRULHAMENTO PREVENTIVO,PATRULHAMENTO PREVENTIVO
22/12/2024,VIOLÊNCIA DOMÉSTICA CONTRA A MULHER/MARIA DA PENHA,VIOLÊNCIA DOMÉSTICA CONTRA A MULHER/MARIA DA PENHA
22/12/2024,APOIO A OUTROS ÓRGÃOS,APOIO A OUTROS ÓRGÃOS
22/12/2024,PATRULHAMENTO PREVENTIVO,PATRULHAMENTO PREVENTIVO
22/12/2024,APOIO A OUTROS ÓRGÃOS,APOIO A OUTROS ÓRGÃOS
22/12/2024,APOIO A OUTROS ÓRGÃOS,APOIO A OUTROS ÓRGÃOS
22/12/2024,PATRULHAMENTO PREVENTIVO,PATRULHAMENTO PREVENTIVO
22/12/2024,TENTATIVA DE EXTORSÃO,TENTATIVA DE EXTORSÃO
22/12/2024,APOIO A OUTROS ÓRGÃOS,APOIO A OUTROS ÓRGÃOS
22/12/2024,PERTURBAÇÃO DA TRANQUILIDADE,PERTURBAÇÃO DA TRANQUILIDADE
22/12/2024,FURTO,FURTO
22/12/2024,APOIO A OUTROS ÓRGÃOS,APOIO A OUTROS ÓRGÃOS
22/12/2024,APOIO A OUTROS ÓRGÃOS,APOIO A OUTROS ÓRGÃOS
22/12/2024,PERTURBAÇÃO DA TRANQUILIDADE,PERTURBAÇÃO DA TRANQUILIDADE
23/12/2024,ABORDAGEM A PESSOAS EM ATITUDE SUSPEITA,ABORDAGEM A PESSOAS EM ATITUDE SUSPEITA
23/12/2024,PERTURBAÇÃO DA TRANQUILIDADE,PERTURBAÇÃO DA TRANQUILIDADE
23/12/2024,APOIO A OUTROS ÓRGÃOS,APOIO A OUTROS ÓRGÃOS
23/12/2024,AVERIGUAÇÃO EM CHAMADA PARA ATENDIMENTO,AVERIGUAÇÃO EM CHAMADA PARA ATENDIMENTO
23/12/2024,VIOLÊNCIA DOMÉSTICA CONTRA A MULHER/MARIA DA PENHA,VIOLÊNCIA DOMÉSTICA CONTRA A MULHER/MARIA DA PENHA
23/12/2024,APOIO A OUTROS ÓRGÃOS,APOIO A OUTROS ÓRGÃOS
23/12/2024,ABORDAGEM A PESSOAS EM ATITUDE SUSPEITA,ABORDAGEM A PESSOAS EM ATITUDE SUSPEITA
23/12/2024,AVERIGUAÇÃO EM CHAMADA PARA ATENDIMENTO,AVERIGUAÇÃO EM CHAMADA PARA ATENDIMENTO
23/12/2024,VIOLÊNCIA DOMÉSTICA CONTRA A MULHER/MARIA DA PENHA,VIOLÊNCIA DOMÉSTICA CONTRA A MULHER/MARIA DA PENHA
23/12/2024,VIOLÊNCIA DOMÉSTICA CONTRA A MULHER/MARIA DA PENHA,VIOLÊNCIA DOMÉSTICA CONTRA A MULHER/MARIA DA PENHA
23/12/2024,ROUBO - FIOS E CABOS ELÉTRICOS,ROUBO - FIOS E CABOS ELÉTRICOS
23/12/2024,VIOLÊNCIA DOMÉSTICA,VIOLÊNCIA DOMÉSTICA
23/12/2024,PERTURBAÇÃO DO TRABALHO OU DO SOSSEGO ALHEIO,PERTURBAÇÃO DO TRABALHO OU DO SOSSEGO ALHEIO
23/12/2024,VIOLÊNCIA DOMÉSTICA,VIOLÊNCIA DOMÉSTICA
23/12/2024,AVERIGUAÇÃO EM CHAMADA PARA ATENDIMENTO,AVERIGUAÇÃO EM CHAMADA PARA ATENDIMENTO
23/12/2024,APOIO A OUTROS ÓRGÃOS,APOIO A OUTROS ÓRGÃOS
23/12/2024,VIOLÊNCIA DOMÉSTICA,VIOLÊNCIA DOMÉSTICA
23/12/2024,AUXÍLIO AO PÚBLICO - CIDADÃO,AUXÍLIO AO PÚBLICO - CIDADÃO
23/12/2024,ORDEM DE POLICIAMENTO,ORDEM DE POLICIAMENTO
23/12/2024,FURTO,FURTO
23/12/2024,APOIO A OUTROS ÓRGÃOS,APOIO A OUTROS ÓRGÃOS
23/12/2024,COMUNICAÇÃO DE INVASÃO,COMUNICAÇÃO DE INVASÃO
23/12/2024,ABORDAGEM A PESSOAS EM ATITUDE SUSPEITA,ABORDAGEM A PESSOAS EM ATITUDE SUSPEITA
23/12/2024,VIOLÊNCIA DOMÉSTICA,VIOLÊNCIA DOMÉSTICA
23/12/2024,RECUPERAÇÃO DE VEICULO,RECUPERAÇÃO DE VEICULO
23/12/2024,APOIO A OUTROS ÓRGÃOS,APOIO A OUTROS ÓRGÃOS
23/12/2024,VIOLÊNCIA DOMÉSTICA,VIOLÊNCIA DOMÉSTICA
23/12/2024,EMBRIAGUEZ,EMBRIAGUEZ
24/12/2024,PERTURBAÇÃO DO TRABALHO OU DO SOSSEGO ALHEIO,PERTURBAÇÃO DO TRABALHO OU DO SOSSEGO ALHEIO
24/12/2024,PATRULHAMENTO PREVENTIVO,PATRULHAMENTO PREVENTIVO
24/12/2024,APOIO A OUTROS ÓRGÃOS,APOIO A OUTROS ÓRGÃOS
24/12/2024,APOIO A OUTROS ÓRGÃOS,APOIO A OUTROS ÓRGÃOS
24/12/2024,APOIO A OUTROS ÓRGÃOS,APOIO A OUTROS ÓRGÃOS
24/12/2024,PATRULHAMENTO PREVENTIVO,PATRULHAMENTO PREVENTIVO
24/12/2024,PATRULHAMENTO PREVENTIVO,PATRULHAMENTO PREVENTIVO
24/12/2024,VIOLÊNCIA DOMÉSTICA CONTRA A MULHER/MARIA DA PENHA,VIOLÊNCIA DOMÉSTICA CONTRA A MULHER/MARIA DA PENHA
24/12/2024,VIOLÊNCIA DOMÉSTICA CONTRA A MULHER/MARIA DA PENHA,VIOLÊNCIA DOMÉSTICA CONTRA A MULHER/MARIA DA PENHA
24/12/2024,PATRULHAMENTO PREVENTIVO,PATRULHAMENTO PREVENTIVO
24/12/2024,VIOLÊNCIA DOMÉSTICA CONTRA A MULHER/MARIA DA PENHA,VIOLÊNCIA DOMÉSTICA CONTRA A MULHER/MARIA DA PENHA
24/12/2024,PATRULHAMENTO PREVENTIVO,PATRULHAMENTO PREVENTIVO
24/12/2024,APOIO A OUTROS ÓRGÃOS,APOIO A OUTROS ÓRGÃOS
24/12/2024,VIOLÊNCIA DOMÉSTICA CONTRA A MULHER/MARIA DA PENHA,VIOLÊNCIA DOMÉSTICA CONTRA A MULHER/MARIA DA PENHA
24/12/2024,APOIO A OUTROS ÓRGÃOS,APOIO A OUTROS ÓRGÃOS
24/12/2024,PATRULHAMENTO PREVENTIVO,PATRULHAMENTO PREVENTIVO
24/12/2024,APOIO A OUTROS ÓRGÃOS,APOIO A OUTROS ÓRGÃOS
24/12/2024,ABANDONO DE INCAPAZ,ABANDONO DE INCAPAZ
24/12/2024,VIOLÊNCIA DOMÉSTICA CONTRA A MULHER/MARIA DA PENHA,VIOLÊNCIA DOMÉSTICA CONTRA A MULHER/MARIA DA PENHA
24/12/2024,ABORDAGEM A VEÍCULO,ABORDAGEM A VEÍCULO
24/12/2024,PATRULHAMENTO PREVENTIVO,PATRULHAMENTO PREVENTIVO
24/12/2024,PATRULHAMENTO PREVENTIVO,PATRULHAMENTO PREVENTIVO
24/12/2024,PERTURBAÇÃO DO TRABALHO OU DO SOSSEGO ALHEIO,PERTURBAÇÃO DO TRABALHO OU DO SOSSEGO ALHEIO
24/12/2024,FURTO,FURTO
24/12/2024,PERTURBAÇÃO DA TRANQUILIDADE,PERTURBAÇÃO DA TRANQUILIDADE
25/12/2024,ABORDAGEM A PESSOAS EM ATITUDE SUSPEITA,ABORDAGEM A PESSOAS EM ATITUDE SUSPEITA
25/12/2024,VIOLÊNCIA DOMÉSTICA,VIOLÊNCIA DOMÉSTICA
25/12/2024,ABORDAGEM A PESSOAS EM ATITUDE SUSPEITA,ABORDAGEM A PESSOAS EM ATITUDE SUSPEITA
25/12/2024,ABORDAGEM A VEÍCULO,ABORDAGEM A VEÍCULO
25/12/2024,APOIO A OUTROS ÓRGÃOS,APOIO A OUTROS ÓRGÃOS
25/12/2024,APOIO OU REFORÇO,APOIO OU REFORÇO
25/12/2024,VIOLÊNCIA DOMÉSTICA,VIOLÊNCIA DOMÉSTICA
25/12/2024,APOIO A OUTROS ÓRGÃOS,APOIO A OUTROS ÓRGÃOS
25/12/2024,ABORDAGEM A PESSOAS EM ATITUDE SUSPEITA,ABORDAGEM A PESSOAS EM ATITUDE SUSPEITA
25/12/2024,PATRULHAMENTO PREVENTIVO,PATRULHAMENTO PREVENTIVO
25/12/2024,VIAS DE FATO,VIAS DE FATO
25/12/2024,APOIO A OUTROS ÓRGÃOS,APOIO A OUTROS ÓRGÃOS
25/12/2024,IMPORTUNAÇÃO OFENSIVA AO PUDOR,IMPORTUNAÇÃO OFENSIVA AO PUDOR
26/12/2024,TENTATIVA DE ROUBO,TENTATIVA DE ROUBO
25/12/2024,APOIO OU REFORÇO,APOIO OU REFORÇO
26/12/2024,PERTURBAÇÃO DO TRABALHO OU DO SOSSEGO ALHEIO,PERTURBAÇÃO DO TRABALHO OU DO SOSSEGO ALHEIO
26/12/2024,VIOLÊNCIA DOMÉSTICA CONTRA A MULHER/MARIA DA PENHA,VIOLÊNCIA DOMÉSTICA CONTRA A MULHER/MARIA DA PENHA
26/12/2024,VIOLÊNCIA DOMÉSTICA CONTRA A MULHER/MARIA DA PENHA,VIOLÊNCIA DOMÉSTICA CONTRA A MULHER/MARIA DA PENHA
26/12/2024,VIOLÊNCIA DOMÉSTICA CONTRA A MULHER/MARIA DA PENHA,VIOLÊNCIA DOMÉSTICA CONTRA A MULHER/MARIA DA PENHA
26/12/2024,FURTO,FURTO
26/12/2024,AGRESSÃO,AGRESSÃO
26/12/2024,VIOLÊNCIA DOMÉSTICA CONTRA A MULHER/MARIA DA PENHA,VIOLÊNCIA DOMÉSTICA CONTRA A MULHER/MARIA DA PENHA
26/12/2024,PATRULHAMENTO PREVENTIVO,PATRULHAMENTO PREVENTIVO
26/12/2024,ADULTERAÇÃO DE SINAL IDENTIFICADOR DE VEÍCULO AUTOMOTOR,ADULTERAÇÃO DE SINAL IDENTIFICADOR DE VEÍCULO AUTOMOTOR
26/12/2024,VIOLÊNCIA DOMÉSTICA CONTRA A MULHER/MARIA DA PENHA,VIOLÊNCIA DOMÉSTICA CONTRA A MULHER/MARIA DA PENHA
26/12/2024,APOIO A OUTROS ÓRGÃOS,APOIO A OUTROS ÓRGÃOS
26/12/2024,PATRULHAMENTO PREVENTIVO,PATRULHAMENTO PREVENTIVO
26/12/2024,DANO,DANO
26/12/2024,COMUNICAÇÃO DE CRIME AMBIENTAL,COMUNICAÇÃO DE CRIME AMBIENTAL
26/12/2024,APOIO OU REFORÇO,APOIO OU REFORÇO
26/12/2024,APOIO A OUTROS ÓRGÃOS,APOIO A OUTROS ÓRGÃOS
26/12/2024,APOIO A OUTROS ÓRGÃOS,APOIO A OUTROS ÓRGÃOS
26/12/2024,VIOLÊNCIA DOMÉSTICA,VIOLÊNCIA DOMÉSTICA
26/12/2024,APOIO A OUTROS ÓRGÃOS,APOIO A OUTROS ÓRGÃOS
26/12/2024,PERTURBAÇÃO DO TRABALHO OU DO SOSSEGO ALHEIO,PERTURBAÇÃO DO TRABALHO OU DO SOSSEGO ALHEIO
27/12/2024,ABORDAGEM A PESSOAS EM ATITUDE SUSPEITA,ABORDAGEM A PESSOAS EM ATITUDE SUSPEITA
27/12/2024,ABORDAGEM A VEÍCULO,ABORDAGEM A VEÍCULO
27/12/2024,APOIO A OUTROS ÓRGÃOS,APOIO A OUTROS ÓRGÃOS
27/12/2024,PERTURBAÇÃO DA TRANQUILIDADE,PERTURBAÇÃO DA TRANQUILIDADE
27/12/2024,AVERIGUAÇÃO EM CHAMADA PARA ATENDIMENTO,AVERIGUAÇÃO EM CHAMADA PARA ATENDIMENTO
27/12/2024,VIOLÊNCIA DOMÉSTICA,VIOLÊNCIA DOMÉSTICA
27/12/2024,ARROMBAMENTO,ARROMBAMENTO
27/12/2024,APOIO A OUTROS ÓRGÃOS,APOIO A OUTROS ÓRGÃOS
27/12/2024,AGRESSÃO,AGRESSÃO
27/12/2024,APOIO A OUTROS ÓRGÃOS,APOIO A OUTROS ÓRGÃOS
27/12/2024,VIOLÊNCIA DOMÉSTICA CONTRA A MULHER/MARIA DA PENHA,VIOLÊNCIA DOMÉSTICA CONTRA A MULHER/MARIA DA PENHA
27/12/2024,APOIO A OUTROS ÓRGÃOS,APOIO A OUTROS ÓRGÃOS
27/12/2024,COMUNICAÇÃO DE CRIME AMBIENTAL,COMUNICAÇÃO DE CRIME AMBIENTAL
27/12/2024,ORDEM DE POLICIAMENTO,ORDEM DE POLICIAMENTO
27/12/2024,AVERIGUAÇÃO EM CHAMADA PARA ATENDIMENTO,AVERIGUAÇÃO EM CHAMADA PARA ATENDIMENTO
27/12/2024,PATRULHAMENTO PREVENTIVO,PATRULHAMENTO PREVENTIVO
27/12/2024,PATRULHAMENTO PREVENTIVO,PATRULHAMENTO PREVENTIVO
27/12/2024,PATRULHAMENTO PREVENTIVO,PATRULHAMENTO PREVENTIVO
27/12/2024,DANO,DANO
27/12/2024,APOIO A OUTROS ÓRGÃOS,APOIO A OUTROS ÓRGÃOS
27/12/2024,ACIDENTE DE TRÂNSITO SEM VÍTIMA/PATRULHAMENTO PREVENTIVO,ACIDENTE DE TRÂNSITO SEM VÍTIMA/PATRULHAMENTO PREVENTIVO
28/12/2024,PERTURBAÇÃO DA TRANQUILIDADE,PERTURBAÇÃO DA TRANQUILIDADE
28/12/2024,PATRULHAMENTO PREVENTIVO,PATRULHAMENTO PREVENTIVO
28/12/2024,APOIO A OUTROS ÓRGÃOS,APOIO A OUTROS ÓRGÃOS
28/12/2024,VIOLÊNCIA DOMÉSTICA CONTRA A MULHER/MARIA DA PENHA,VIOLÊNCIA DOMÉSTICA CONTRA A MULHER/MARIA DA PENHA
28/12/2024,VIOLÊNCIA DOMÉSTICA CONTRA A MULHER/MARIA DA PENHA,VIOLÊNCIA DOMÉSTICA CONTRA A MULHER/MARIA DA PENHA
28/12/2024,PATRULHAMENTO PREVENTIVO,PATRULHAMENTO PREVENTIVO
28/12/2024,ABORDAGEM A PESSOAS EM ATITUDE SUSPEITA,ABORDAGEM A PESSOAS EM ATITUDE SUSPEITA
28/12/2024,APOIO A OUTROS ÓRGÃOS,APOIO A OUTROS ÓRGÃOS
28/12/2024,VIOLÊNCIA DOMÉSTICA CONTRA A MULHER/MARIA DA PENHA,VIOLÊNCIA DOMÉSTICA CONTRA A MULHER/MARIA DA PENHA
28/12/2024,APOIO A OUTROS ÓRGÃOS,APOIO A OUTROS ÓRGÃOS
28/12/2024,APOIO A OUTROS ÓRGÃOS,APOIO A OUTROS ÓRGÃOS
28/12/2024,DANO,DANO
28/12/2024,VIOLÊNCIA DOMÉSTICA CONTRA A MULHER/MARIA DA PENHA,VIOLÊNCIA DOMÉSTICA CONTRA A MULHER/MARIA DA PENHA
28/12/2024,VIOLÊNCIA DOMÉSTICA CONTRA A MULHER/MARIA DA PENHA,VIOLÊNCIA DOMÉSTICA CONTRA A MULHER/MARIA DA PENHA
28/12/2024,PATRULHAMENTO PREVENTIVO,PATRULHAMENTO PREVENTIVO
28/12/2024,PATRULHAMENTO PREVENTIVO,PATRULHAMENTO PREVENTIVO
28/12/2024,APOIO A OUTROS ÓRGÃOS,APOIO A OUTROS ÓRGÃOS
28/12/2024,ABORDAGEM A VEÍCULO,ABORDAGEM A VEÍCULO
28/12/2024,PATRULHAMENTO PREVENTIVO,PATRULHAMENTO PREVENTIVO
28/12/2024,COMUNICAÇÃO DE CRIME AMBIENTAL,COMUNICAÇÃO DE CRIME AMBIENTAL
28/12/2024,APOIO A OUTROS ÓRGÃOS,APOIO A OUTROS ÓRGÃOS
28/12/2024,APOIO A OUTROS ÓRGÃOS,APOIO A OUTROS ÓRGÃOS
28/12/2024,VIOLÊNCIA DOMÉSTICA CONTRA A MULHER/MARIA DA PENHA,VIOLÊNCIA DOMÉSTICA CONTRA A MULHER/MARIA DA PENHA
28/12/2024,APOIO A OUTROS ÓRGÃOS,APOIO A OUTROS ÓRGÃOS
29/12/2024,VIOLÊNCIA DOMÉSTICA,VIOLÊNCIA DOMÉSTICA
29/12/2024,APOIO A OUTROS ÓRGÃOS,APOIO A OUTROS ÓRGÃOS
29/12/2024,AVERIGUAÇÃO EM CHAMADA PARA ATENDIMENTO,AVERIGUAÇÃO EM CHAMADA PARA ATENDIMENTO
29/12/2024,AVERIGUAÇÃO EM CHAMADA PARA ATENDIMENTO,AVERIGUAÇÃO EM CHAMADA PARA ATENDIMENTO
29/12/2024,ABORDAGEM A PESSOAS EM ATITUDE SUSPEITA/PATRULHAMENTO PREVENTIVO,ABORDAGEM A PESSOAS EM ATITUDE SUSPEITA/PATRULHAMENTO PREVENTIVO
29/12/2024,APOIO A OUTROS ÓRGÃOS,APOIO A OUTROS ÓRGÃOS
29/12/2024,AVERIGUAÇÃO EM CHAMADA PARA ATENDIMENTO,AVERIGUAÇÃO EM CHAMADA PARA ATENDIMENTO
29/12/2024,VIOLÊNCIA DOMÉSTICA,VIOLÊNCIA DOMÉSTICA
29/12/2024,VIOLÊNCIA DOMÉSTICA,VIOLÊNCIA DOMÉSTICA
29/12/2024,VIOLÊNCIA DOMÉSTICA,VIOLÊNCIA DOMÉSTICA
29/12/2024,APOIO A OUTROS ÓRGÃOS,APOIO A OUTROS ÓRGÃOS
29/12/2024,APOIO A OUTROS ÓRGÃOS,APOIO A OUTROS ÓRGÃOS
29/12/2024,VIOLÊNCIA DOMÉSTICA,VIOLÊNCIA DOMÉSTICA
29/12/2024,PERTURBAÇÃO DA TRANQUILIDADE,PERTURBAÇÃO DA TRANQUILIDADE
29/12/2024,PERTURBAÇÃO DA TRANQUILIDADE,PERTURBAÇÃO DA TRANQUILIDADE
29/12/2024,APOIO OU REFORÇO,APOIO OU REFORÇO
29/12/2024,VIOLÊNCIA DOMÉSTICA,VIOLÊNCIA DOMÉSTICA
29/12/2024,ACIDENTE DE TRÂNSITO COM VÍTIMA,ACIDENTE DE TRÂNSITO COM VÍTIMA
29/12/2024,AVERIGUAÇÃO EM CHAMADA PARA ATENDIMENTO,AVERIGUAÇÃO EM CHAMADA PARA ATENDIMENTO
29/12/2024,VIOLÊNCIA DOMÉSTICA,VIOLÊNCIA DOMÉSTICA
29/12/2024,DANO,DANO
29/12/2024,DENÚNCIA,DENÚNCIA
29/12/2024,CUMPRIMENTO DE MANDADO DE PRISÃO,CUMPRIMENTO DE MANDADO DE PRISÃO
29/12/2024,VIOLÊNCIA DOMÉSTICA,VIOLÊNCIA DOMÉSTICA
29/12/2024,PATRULHAMENTO PREVENTIVO,PATRULHAMENTO PREVENTIVO
29/12/2024,APOIO A OUTROS ÓRGÃOS,APOIO A OUTROS ÓRGÃOS
30/12/2024,PERTURBAÇÃO DA TRANQUILIDADE,PERTURBAÇÃO DA TRANQUILIDADE
30/12/2024,APOIO A OUTROS ÓRGÃOS/APOIO OU REFORÇO,APOIO A OUTROS ÓRGÃOS/APOIO OU REFORÇO
30/12/2024,COMUNICAÇÃO DE INVASÃO,COMUNICAÇÃO DE INVASÃO
30/12/2024,APOIO A OUTROS ÓRGÃOS,APOIO A OUTROS ÓRGÃOS
30/12/2024,VIOLÊNCIA DOMÉSTICA CONTRA A MULHER/MARIA DA PENHA,VIOLÊNCIA DOMÉSTICA CONTRA A MULHER/MARIA DA PENHA
30/12/2024,APOIO A OUTROS ÓRGÃOS,APOIO A OUTROS ÓRGÃOS
30/12/2024,VIOLÊNCIA DOMÉSTICA CONTRA A MULHER/MARIA DA PENHA,VIOLÊNCIA DOMÉSTICA CONTRA A MULHER/MARIA DA PENHA
30/12/2024,FURTO,FURTO
30/12/2024,VIOLÊNCIA DOMÉSTICA CONTRA A MULHER/MARIA DA PENHA,VIOLÊNCIA DOMÉSTICA CONTRA A MULHER/MARIA DA PENHA
30/12/2024,CÁRCERE PRIVADO CONTRA A MULHER,CÁRCERE PRIVADO CONTRA A MULHER
30/12/2024,PATRULHAMENTO PREVENTIVO,PATRULHAMENTO PREVENTIVO
30/12/2024,APOIO A OUTROS ÓRGÃOS,APOIO A OUTROS ÓRGÃOS
30/12/2024,ADULTERAÇÃO DE SINAL IDENTIFICADOR DE VEÍCULO AUTOMOTOR,ADULTERAÇÃO DE SINAL IDENTIFICADOR DE VEÍCULO AUTOMOTOR
30/12/2024,APOIO A OUTROS ÓRGÃOS,APOIO A OUTROS ÓRGÃOS
30/12/2024,COMUNICAÇÃO DE CRIME AMBIENTAL,COMUNICAÇÃO DE CRIME AMBIENTAL
30/12/2024,APOIO A OUTROS ÓRGÃOS,APOIO A OUTROS ÓRGÃOS
30/12/2024,AMEAÇA,AMEAÇA
30/12/2024,PATRULHAMENTO PREVENTIVO,PATRULHAMENTO PREVENTIVO
30/12/2024,PATRULHAMENTO PREVENTIVO,PATRULHAMENTO PREVENTIVO
30/12/2024,VIOLÊNCIA DOMÉSTICA CONTRA A MULHER/MARIA DA PENHA,VIOLÊNCIA DOMÉSTICA CONTRA A MULHER/MARIA DA PENHA
30/12/2024,FURTO,FURTO
30/12/2024,PATRULHAMENTO PREVENTIVO,PATRULHAMENTO PREVENTIVO
30/12/2024,ACIDENTE DE TRÂNSITO SEM VÍTIMA,ACIDENTE DE TRÂNSITO SEM VÍTIMA
31/12/2024,APOIO OU REFORÇO,APOIO OU REFORÇO
31/12/2024,APOIO A OUTROS ÓRGÃOS,APOIO A OUTROS ÓRGÃOS
31/12/2024,APOIO A MILITAR/POLICIAL MILITAR/BOMBEIRO,APOIO A MILITAR/POLICIAL MILITAR/BOMBEIRO
31/12/2024,APOIO OU REFORÇO,APOIO OU REFORÇO
31/12/2024,PATRULHAMENTO PREVENTIVO,PATRULHAMENTO PREVENTIVO
31/12/2024,ABORDAGEM A PESSOAS EM ATITUDE SUSPEITA,ABORDAGEM A PESSOAS EM ATITUDE SUSPEITA
31/12/2024,APOIO A OUTROS ÓRGÃOS,APOIO A OUTROS ÓRGÃOS
31/12/2024,PATRULHAMENTO PREVENTIVO,PATRULHAMENTO PREVENTIVO
31/12/2024,COMUNICAÇÃO DE CRIME AMBIENTAL,COMUNICAÇÃO DE CRIME AMBIENTAL
31/12/2024,APOIO A OUTROS ÓRGÃOS,APOIO A OUTROS ÓRGÃOS
31/12/2024,APOIO OU REFORÇO,APOIO OU REFORÇO
31/12/2024,APOIO A OUTROS ÓRGÃOS,APOIO A OUTROS ÓRGÃOS
31/12/2024,PERTURBAÇÃO DO TRABALHO OU DO SOSSEGO ALHEIO,PERTURBAÇÃO DO TRABALHO OU DO SOSSEGO ALHEIO
31/12/2024,ABORDAGEM A PESSOAS EM ATITUDE SUSPEITA,ABORDAGEM A PESSOAS EM ATITUDE SUSPEITA
31/12/2024,ABORDAGEM A PESSOAS EM ATITUDE SUSPEITA,ABORDAGEM A PESSOAS EM ATITUDE SUSPEITA
31/12/2024,DESCUMPRIMENTO DE ORDEM JUDICIAL/MEDIDA PROTETIVA,DESCUMPRIMENTO DE ORDEM JUDICIAL/MEDIDA PROTETIVA
31/12/2024,APOIO A OUTROS ÓRGÃOS,APOIO A OUTROS ÓRGÃOS
31/12/2024,APOIO A OUTROS ÓRGÃOS,APOIO A OUTROS ÓRGÃOS
31/12/2024,APOIO A OUTROS ÓRGÃOS,APOIO A OUTROS ÓRGÃOS
01/01/2025,APOIO A OUTROS ÓRGÃOS,APOIO A OUTROS ÓRGÃOS
01/01/2025,APOIO OU REFORÇO,APOIO OU REFORÇO
01/01/2025,APOIO A OUTROS ÓRGÃOS,APOIO A OUTROS ÓRGÃOS
01/01/2025,APOIO A MILITAR/POLICIAL MILITAR/BOMBEIRO,APOIO A MILITAR/POLICIAL MILITAR/BOMBEIRO
01/01/2025,APOIO A OUTROS ÓRGÃOS,APOIO A OUTROS ÓRGÃOS
01/01/2025,DISPARO DE ARMA DE FOGO,DISPARO DE ARMA DE FOGO
01/01/2025,APOIO A OUTROS ÓRGÃOS,APOIO A OUTROS ÓRGÃOS
01/01/2025,APOIO A OUTROS ÓRGÃOS,APOIO A OUTROS ÓRGÃOS
01/01/2025,APOIO A OUTROS ÓRGÃOS,APOIO A OUTROS ÓRGÃOS
01/01/2025,VIOLÊNCIA DOMÉSTICA CONTRA A MULHER/MARIA DA PENHA,VIOLÊNCIA DOMÉSTICA CONTRA A MULHER/MARIA DA PENHA
01/01/2025,APOIO A OUTROS ÓRGÃOS,APOIO A OUTROS ÓRGÃOS
01/01/2025,VIOLÊNCIA DOMÉSTICA CONTRA A MULHER/MARIA DA PENHA,VIOLÊNCIA DOMÉSTICA CONTRA A MULHER/MARIA DA PENHA
01/01/2025,AMEAÇA,AMEAÇA
01/01/2025,APOIO A OUTROS ÓRGÃOS,APOIO A OUTROS ÓRGÃOS
01/01/2025,PERTURBAÇÃO DO TRABALHO OU DO SOSSEGO ALHEIO,PERTURBAÇÃO DO TRABALHO OU DO SOSSEGO ALHEIO
01/01/2025,CUMPRIMENTO DE MANDADO DE PRISÃO,CUMPRIMENTO DE MANDADO DE PRISÃO
01/01/2025,ABORDAGEM A VEÍCULO,ABORDAGEM A VEÍCULO
01/01/2025,VIOLÊNCIA DOMÉSTICA CONTRA A MULHER/MARIA DA PENHA,VIOLÊNCIA DOMÉSTICA CONTRA A MULHER/MARIA DA PENHA
01/01/2025,VIOLÊNCIA DOMÉSTICA CONTRA A MULHER/MARIA DA PENHA,VIOLÊNCIA DOMÉSTICA CONTRA A MULHER/MARIA DA PENHA
01/01/2025,VIOLÊNCIA DOMÉSTICA CONTRA A MULHER/MARIA DA PENHA,VIOLÊNCIA DOMÉSTICA CONTRA A MULHER/MARIA DA PENHA
01/01/2025,PATRULHAMENTO PREVENTIVO,PATRULHAMENTO PREVENTIVO
01/01/2025,VIOLÊNCIA DOMÉSTICA CONTRA A MULHER/MARIA DA PENHA,VIOLÊNCIA DOMÉSTICA CONTRA A MULHER/MARIA DA PENHA
01/01/2025,ACIDENTE DE TRÂNSITO COM VÍTIMA,ACIDENTE DE TRÂNSITO COM VÍTIMA
01/01/2025,APOIO A OUTROS ÓRGÃOS,APOIO A OUTROS ÓRGÃOS
01/01/2025,APOIO A OUTROS ÓRGÃOS,APOIO A OUTROS ÓRGÃOS
01/01/2025,PATRULHAMENTO PREVENTIVO,PATRULHAMENTO PREVENTIVO
01/01/2025,PATRULHAMENTO PREVENTIVO,PATRULHAMENTO PREVENTIVO
02/01/2025,VIOLÊNCIA DOMÉSTICA,VIOLÊNCIA DOMÉSTICA
02/01/2025,APOIO A OUTROS ÓRGÃOS,APOIO A OUTROS ÓRGÃOS
02/01/2025,AVERIGUAÇÃO EM CHAMADA PARA ATENDIMENTO,AVERIGUAÇÃO EM CHAMADA PARA ATENDIMENTO
02/01/2025,ABORDAGEM A PESSOAS EM ATITUDE SUSPEITA,ABORDAGEM A PESSOAS EM ATITUDE SUSPEITA
02/01/2025,VIOLÊNCIA DOMÉSTICA CONTRA A MULHER/MARIA DA PENHA,VIOLÊNCIA DOMÉSTICA CONTRA A MULHER/MARIA DA PENHA
02/01/2025,ABORDAGEM A PESSOAS EM ATITUDE SUSPEITA,ABORDAGEM A PESSOAS EM ATITUDE SUSPEITA
02/01/2025,VIOLÊNCIA DOMÉSTICA,VIOLÊNCIA DOMÉSTICA
02/01/2025,VIOLÊNCIA DOMÉSTICA CONTRA A MULHER/MARIA DA PENHA,VIOLÊNCIA DOMÉSTICA CONTRA A MULHER/MARIA DA PENHA
02/01/2025,PATRULHAMENTO PREVENTIVO,PATRULHAMENTO PREVENTIVO
02/01/2025,AVERIGUAÇÃO EM CHAMADA PARA ATENDIMENTO,AVERIGUAÇÃO EM CHAMADA PARA ATENDIMENTO
02/01/2025,FURTO DE VEÍCULO,FURTO DE VEÍCULO
02/01/2025,ABORDAGEM A PESSOAS EM ATITUDE SUSPEITA,ABORDAGEM A PESSOAS EM ATITUDE SUSPEITA
02/01/2025,APOIO A OUTROS ÓRGÃOS,APOIO A OUTROS ÓRGÃOS
03/01/2025,DENÚNCIA/DESACATO/INFRAÇÃO DE TRÂNSITO,DENÚNCIA/DESACATO/INFRAÇÃO DE TRÂNSITO
03/01/2025,PERTURBAÇÃO DO TRABALHO OU DO SOSSEGO ALHEIO,PERTURBAÇÃO DO TRABALHO OU DO SOSSEGO ALHEIO
03/01/2025,APOIO OU REFORÇO,APOIO OU REFORÇO
03/01/2025,PERTURBAÇÃO DO TRABALHO OU DO SOSSEGO ALHEIO,PERTURBAÇÃO DO TRABALHO OU DO SOSSEGO ALHEIO
03/01/2025,FURTO,FURTO
03/01/2025,PATRULHAMENTO PREVENTIVO,PATRULHAMENTO PREVENTIVO
03/01/2025,VIOLÊNCIA DOMÉSTICA CONTRA A MULHER/MARIA DA PENHA,VIOLÊNCIA DOMÉSTICA CONTRA A MULHER/MARIA DA PENHA
03/01/2025,PATRULHAMENTO PREVENTIVO,PATRULHAMENTO PREVENTIVO
03/01/2025,APOIO A OUTROS ÓRGÃOS,APOIO A OUTROS ÓRGÃOS
03/01/2025,VIOLÊNCIA DOMÉSTICA CONTRA A MULHER/MARIA DA PENHA,VIOLÊNCIA DOMÉSTICA CONTRA A MULHER/MARIA DA PENHA
03/01/2025,VIOLÊNCIA DOMÉSTICA CONTRA A MULHER/MARIA DA PENHA,VIOLÊNCIA DOMÉSTICA CONTRA A MULHER/MARIA DA PENHA
03/01/2025,ABORDAGEM A VEÍCULO,ABORDAGEM A VEÍCULO
03/01/2025,PATRULHAMENTO PREVENTIVO,PATRULHAMENTO PREVENTIVO
03/01/2025,APOIO A OUTROS ÓRGÃOS,APOIO A OUTROS ÓRGÃOS
03/01/2025,AMEAÇA,AMEAÇA
03/01/2025,VIAS DE FATO,VIAS DE FATO
03/01/2025,APOIO A OUTROS ÓRGÃOS,APOIO A OUTROS ÓRGÃOS
03/01/2025,PATRULHAMENTO PREVENTIVO,PATRULHAMENTO PREVENTIVO
03/01/2025,APOIO A OUTROS ÓRGÃOS,APOIO A OUTROS ÓRGÃOS
03/01/2025,APOIO A OUTROS ÓRGÃOS,APOIO A OUTROS ÓRGÃOS
03/01/2025,APOIO A OUTROS ÓRGÃOS,APOIO A OUTROS ÓRGÃOS
03/01/2025,APOIO OU REFORÇO,APOIO OU REFORÇO
03/01/2025,APOIO A OUTROS ÓRGÃOS,APOIO A OUTROS ÓRGÃOS
03/01/2025,ASSISTÊNCIA HUMANITÁRIA,ASSISTÊNCIA HUMANITÁRIA
03/01/2025,APOIO OU REFORÇO,APOIO OU REFORÇO
03/01/2025,COMUNICAÇÃO DE CRIME AMBIENTAL,COMUNICAÇÃO DE CRIME AMBIENTAL
03/01/2025,PATRULHAMENTO PREVENTIVO,PATRULHAMENTO PREVENTIVO
03/01/2025,PERTURBAÇÃO DO TRABALHO OU DO SOSSEGO ALHEIO,PERTURBAÇÃO DO TRABALHO OU DO SOSSEGO ALHEIO
04/01/2025,ACIDENTE DE TRÂNSITO SEM VÍTIMA,ACIDENTE DE TRÂNSITO SEM VÍTIMA
04/01/2025,PERTURBAÇÃO DO TRABALHO OU DO SOSSEGO ALHEIO,PERTURBAÇÃO DO TRABALHO OU DO SOSSEGO ALHEIO
03/01/2025,PATRULHAMENTO PREVENTIVO,PATRULHAMENTO PREVENTIVO
04/01/2025,VIOLÊNCIA DOMÉSTICA,VIOLÊNCIA DOMÉSTICA
04/01/2025,VIOLÊNCIA DOMÉSTICA,VIOLÊNCIA DOMÉSTICA
04/01/2025,APOIO A OUTROS ÓRGÃOS,APOIO A OUTROS ÓRGÃOS
04/01/2025,ABORDAGEM A VEÍCULO,ABORDAGEM A VEÍCULO
04/01/2025,VIOLÊNCIA DOMÉSTICA,VIOLÊNCIA DOMÉSTICA
04/01/2025,ROUBO,ROUBO
04/01/2025,APOIO A OUTROS ÓRGÃOS,APOIO A OUTROS ÓRGÃOS
04/01/2025,ABORDAGEM A VEÍCULO,ABORDAGEM A VEÍCULO
04/01/2025,APOIO A OUTROS ÓRGÃOS,APOIO A OUTROS ÓRGÃOS
04/01/2025,VIOLÊNCIA DOMÉSTICA,VIOLÊNCIA DOMÉSTICA
04/01/2025,AVERIGUAÇÃO EM CHAMADA PARA ATENDIMENTO,AVERIGUAÇÃO EM CHAMADA PARA ATENDIMENTO
04/01/2025,FURTO,FURTO
04/01/2025,AVERIGUAÇÃO EM CHAMADA PARA ATENDIMENTO,AVERIGUAÇÃO EM CHAMADA PARA ATENDIMENTO
04/01/2025,VIOLÊNCIA DOMÉSTICA,VIOLÊNCIA DOMÉSTICA
04/01/2025,ABORDAGEM A PESSOAS EM ATITUDE SUSPEITA,ABORDAGEM A PESSOAS EM ATITUDE SUSPEITA
04/01/2025,APOIO OU REFORÇO,APOIO OU REFORÇO
04/01/2025,APOIO A OUTROS ÓRGÃOS,APOIO A OUTROS ÓRGÃOS
04/01/2025,APOIO A OUTROS ÓRGÃOS,APOIO A OUTROS ÓRGÃOS
04/01/2025,APOIO A OUTROS ÓRGÃOS,APOIO A OUTROS ÓRGÃOS
04/01/2025,PERTURBAÇÃO DO TRABALHO OU DO SOSSEGO ALHEIO,PERTURBAÇÃO DO TRABALHO OU DO SOSSEGO ALHEIO
04/01/2025,COMUNICAÇÃO DE CRIME AMBIENTAL,COMUNICAÇÃO DE CRIME AMBIENTAL
05/01/2025,ACIDENTE DE TRÂNSITO COM VÍTIMA,ACIDENTE DE TRÂNSITO COM VÍTIMA
04/01/2025,APOIO A OUTROS ÓRGÃOS,APOIO A OUTROS ÓRGÃOS
05/01/2025,APOIO A OUTROS ÓRGÃOS,APOIO A OUTROS ÓRGÃOS
05/01/2025,APOIO A OUTROS ÓRGÃOS/APOIO OU REFORÇO,APOIO A OUTROS ÓRGÃOS/APOIO OU REFORÇO
05/01/2025,PATRULHAMENTO PREVENTIVO,PATRULHAMENTO PREVENTIVO
05/01/2025,DEPREDAÇÃO,DEPREDAÇÃO
05/01/2025,APOIO A OUTROS ÓRGÃOS/DANO,APOIO A OUTROS ÓRGÃOS/DANO
05/01/2025,PERTURBAÇÃO DO TRABALHO OU DO SOSSEGO ALHEIO,PERTURBAÇÃO DO TRABALHO OU DO SOSSEGO ALHEIO
05/01/2025,AVERIGUAÇÃO EM CHAMADA PARA ATENDIMENTO,AVERIGUAÇÃO EM CHAMADA PARA ATENDIMENTO
05/01/2025,PATRULHAMENTO PREVENTIVO,PATRULHAMENTO PREVENTIVO
05/01/2025,VIOLÊNCIA DOMÉSTICA CONTRA A MULHER/MARIA DA PENHA,VIOLÊNCIA DOMÉSTICA CONTRA A MULHER/MARIA DA PENHA
05/01/2025,PATRULHAMENTO PREVENTIVO,PATRULHAMENTO PREVENTIVO
05/01/2025,VIOLÊNCIA DOMÉSTICA CONTRA A MULHER/MARIA DA PENHA,VIOLÊNCIA DOMÉSTICA CONTRA A MULHER/MARIA DA PENHA
05/01/2025,VIOLÊNCIA DOMÉSTICA CONTRA A MULHER/MARIA DA PENHA,VIOLÊNCIA DOMÉSTICA CONTRA A MULHER/MARIA DA PENHA
05/01/2025,DANO,DANO
05/01/2025,VIOLÊNCIA DOMÉSTICA CONTRA A MULHER/MARIA DA PENHA,VIOLÊNCIA DOMÉSTICA CONTRA A MULHER/MARIA DA PENHA
05/01/2025,APOIO A OUTROS ÓRGÃOS,APOIO A OUTROS ÓRGÃOS
05/01/2025,VIOLÊNCIA DOMÉSTICA CONTRA A MULHER/MARIA DA PENHA,VIOLÊNCIA DOMÉSTICA CONTRA A MULHER/MARIA DA PENHA
05/01/2025,VIOLÊNCIA DOMÉSTICA CONTRA A MULHER/MARIA DA PENHA,VIOLÊNCIA DOMÉSTICA CONTRA A MULHER/MARIA DA PENHA
05/01/2025,VIOLÊNCIA DOMÉSTICA CONTRA A MULHER/MARIA DA PENHA,VIOLÊNCIA DOMÉSTICA CONTRA A MULHER/MARIA DA PENHA
05/01/2025,VIOLÊNCIA DOMÉSTICA,VIOLÊNCIA DOMÉSTICA
05/01/2025,VIOLÊNCIA DOMÉSTICA CONTRA A MULHER/MARIA DA PENHA,VIOLÊNCIA DOMÉSTICA CONTRA A MULHER/MARIA DA PENHA
05/01/2025,PATRULHAMENTO PREVENTIVO,PATRULHAMENTO PREVENTIVO
05/01/2025,PATRULHAMENTO PREVENTIVO,PATRULHAMENTO PREVENTIVO
05/01/2025,PERTURBAÇÃO DO TRABALHO OU DO SOSSEGO ALHEIO,PERTURBAÇÃO DO TRABALHO OU DO SOSSEGO ALHEIO
05/01/2025,APOIO OU REFORÇO,APOIO OU REFORÇO
05/01/2025,PERTURBAÇÃO DO TRABALHO OU DO SOSSEGO ALHEIO,PERTURBAÇÃO DO TRABALHO OU DO SOSSEGO ALHEIO
05/01/2025,APOIO A OUTROS ÓRGÃOS,APOIO A OUTROS ÓRGÃOS
05/01/2025,APOIO A OUTROS ÓRGÃOS,APOIO A OUTROS ÓRGÃOS
05/01/2025,PERTURBAÇÃO DO TRABALHO OU DO SOSSEGO ALHEIO,PERTURBAÇÃO DO TRABALHO OU DO SOSSEGO ALHEIO
06/01/2025,APOIO A OUTROS ÓRGÃOS,APOIO A OUTROS ÓRGÃOS
06/01/2025,AVERIGUAÇÃO EM CHAMADA PARA ATENDIMENTO,AVERIGUAÇÃO EM CHAMADA PARA ATENDIMENTO
06/01/2025,VIOLÊNCIA DOMÉSTICA CONTRA A MULHER/MARIA DA PENHA,VIOLÊNCIA DOMÉSTICA CONTRA A MULHER/MARIA DA PENHA
06/01/2025,VIOLÊNCIA DOMÉSTICA,VIOLÊNCIA DOMÉSTICA
06/01/2025,APOIO A OUTROS ÓRGÃOS,APOIO A OUTROS ÓRGÃOS
06/01/2025,VIOLÊNCIA DOMÉSTICA,VIOLÊNCIA DOMÉSTICA
06/01/2025,AVERIGUAÇÃO EM CHAMADA PARA ATENDIMENTO,AVERIGUAÇÃO EM CHAMADA PARA ATENDIMENTO
06/01/2025,APOIO A OUTROS ÓRGÃOS,APOIO A OUTROS ÓRGÃOS
06/01/2025,ABORDAGEM A VEÍCULO,ABORDAGEM A VEÍCULO
06/01/2025,APOIO A OUTROS ÓRGÃOS,APOIO A OUTROS ÓRGÃOS
06/01/2025,ORDEM DE POLICIAMENTO,ORDEM DE POLICIAMENTO
06/01/2025,PATRULHAMENTO PREVENTIVO,PATRULHAMENTO PREVENTIVO
06/01/2025,ABORDAGEM A PESSOAS EM ATITUDE SUSPEITA,ABORDAGEM A PESSOAS EM ATITUDE SUSPEITA
06/01/2025,VIOLÊNCIA DOMÉSTICA,VIOLÊNCIA DOMÉSTICA
06/01/2025,ABORDAGEM A PESSOAS EM ATITUDE SUSPEITA,ABORDAGEM A PESSOAS EM ATITUDE SUSPEITA
06/01/2025,PATRULHAMENTO PREVENTIVO,PATRULHAMENTO PREVENTIVO
06/01/2025,VIOLÊNCIA DOMÉSTICA,VIOLÊNCIA DOMÉSTICA
06/01/2025,PATRULHAMENTO PREVENTIVO,PATRULHAMENTO PREVENTIVO
06/01/2025,APOIO A OUTROS ÓRGÃOS,APOIO A OUTROS ÓRGÃOS
06/01/2025,AMEAÇA/APOIO A OUTROS ÓRGÃOS,AMEAÇA/APOIO A OUTROS ÓRGÃOS
06/01/2025,APOIO A OUTROS ÓRGÃOS,APOIO A OUTROS ÓRGÃOS
06/01/2025,DEPREDAÇÃO,DEPREDAÇÃO
06/01/2025,DANO,DANO
07/01/2025,DESAPARECIMENTO DE PESSOA,DESAPARECIMENTO DE PESSOA
06/01/2025,ABORDAGEM A PESSOAS EM ATITUDE SUSPEITA,ABORDAGEM A PESSOAS EM ATITUDE SUSPEITA
07/01/2025,DENÚNCIA,DENÚNCIA
07/01/2025,APOIO A OUTROS ÓRGÃOS,APOIO A OUTROS ÓRGÃOS
07/01/2025,PERTURBAÇÃO DO TRABALHO OU DO SOSSEGO ALHEIO,PERTURBAÇÃO DO TRABALHO OU DO SOSSEGO ALHEIO
07/01/2025,ABORDAGEM A VEÍCULO,ABORDAGEM A VEÍCULO
07/01/2025,VIOLÊNCIA DOMÉSTICA CONTRA A MULHER/MARIA DA PENHA,VIOLÊNCIA DOMÉSTICA CONTRA A MULHER/MARIA DA PENHA
07/01/2025,APOIO A OUTROS ÓRGÃOS,APOIO A OUTROS ÓRGÃOS
07/01/2025,VIOLÊNCIA DOMÉSTICA CONTRA A MULHER/MARIA DA PENHA,VIOLÊNCIA DOMÉSTICA CONTRA A MULHER/MARIA DA PENHA
07/01/2025,VIOLÊNCIA DOMÉSTICA CONTRA A MULHER/MARIA DA PENHA,VIOLÊNCIA DOMÉSTICA CONTRA A MULHER/MARIA DA PENHA
07/01/2025,PATRULHAMENTO PREVENTIVO,PATRULHAMENTO PREVENTIVO
07/01/2025,VIOLÊNCIA DOMÉSTICA CONTRA A MULHER/MARIA DA PENHA,VIOLÊNCIA DOMÉSTICA CONTRA A MULHER/MARIA DA PENHA
07/01/2025,VIOLÊNCIA DOMÉSTICA CONTRA A MULHER/MARIA DA PENHA,VIOLÊNCIA DOMÉSTICA CONTRA A MULHER/MARIA DA PENHA
07/01/2025,AMEAÇA/APOIO OU REFORÇO,AMEAÇA/APOIO OU REFORÇO
07/01/2025,VIOLÊNCIA DOMÉSTICA CONTRA A MULHER/MARIA DA PENHA,VIOLÊNCIA DOMÉSTICA CONTRA A MULHER/MARIA DA PENHA
07/01/2025,VIOLÊNCIA DOMÉSTICA CONTRA A MULHER/MARIA DA PENHA,VIOLÊNCIA DOMÉSTICA CONTRA A MULHER/MARIA DA PENHA
07/01/2025,APOIO A OUTROS ÓRGÃOS,APOIO A OUTROS ÓRGÃOS
07/01/2025,APOIO A OUTROS ÓRGÃOS,APOIO A OUTROS ÓRGÃOS
07/01/2025,PATRULHAMENTO PREVENTIVO,PATRULHAMENTO PREVENTIVO
07/01/2025,PATRULHAMENTO PREVENTIVO,PATRULHAMENTO PREVENTIVO
08/01/2025,APOIO A OUTROS ÓRGÃOS,APOIO A OUTROS ÓRGÃOS
08/01/2025,APOIO A OUTROS ÓRGÃOS,APOIO A OUTROS ÓRGÃOS
07/01/2025,ABORDAGEM A PESSOAS EM ATITUDE SUSPEITA,ABORDAGEM A PESSOAS EM ATITUDE SUSPEITA
08/01/2025,VIOLÊNCIA DOMÉSTICA,VIOLÊNCIA DOMÉSTICA
08/01/2025,AVERIGUAÇÃO EM CHAMADA PARA ATENDIMENTO,AVERIGUAÇÃO EM CHAMADA PARA ATENDIMENTO
08/01/2025,VIOLÊNCIA DOMÉSTICA,VIOLÊNCIA DOMÉSTICA
08/01/2025,PATRULHAMENTO PREVENTIVO,PATRULHAMENTO PREVENTIVO
08/01/2025,VIOLÊNCIA DOMÉSTICA,VIOLÊNCIA DOMÉSTICA
08/01/2025,VIOLÊNCIA DOMÉSTICA,VIOLÊNCIA DOMÉSTICA
08/01/2025,APOIO A OUTROS ÓRGÃOS,APOIO A OUTROS ÓRGÃOS
08/01/2025,ABORDAGEM A VEÍCULO,ABORDAGEM A VEÍCULO
08/01/2025,APOIO A OUTROS ÓRGÃOS,APOIO A OUTROS ÓRGÃOS
08/01/2025,AVERIGUAÇÃO EM CHAMADA PARA ATENDIMENTO,AVERIGUAÇÃO EM CHAMADA PARA ATENDIMENTO
08/01/2025,AVERIGUAÇÃO EM CHAMADA PARA ATENDIMENTO,AVERIGUAÇÃO EM CHAMADA PARA ATENDIMENTO
08/01/2025,VIOLÊNCIA DOMÉSTICA,VIOLÊNCIA DOMÉSTICA
08/01/2025,APOIO A OUTROS ÓRGÃOS,APOIO A OUTROS ÓRGÃOS
08/01/2025,APOIO A OUTROS ÓRGÃOS,APOIO A OUTROS ÓRGÃOS
08/01/2025,APOIO A OUTROS ÓRGÃOS,APOIO A OUTROS ÓRGÃOS
09/01/2025,VIOLÊNCIA DOMÉSTICA CONTRA A MULHER/MARIA DA PENHA,VIOLÊNCIA DOMÉSTICA CONTRA A MULHER/MARIA DA PENHA
09/01/2025,VIOLÊNCIA DOMÉSTICA CONTRA A MULHER/MARIA DA PENHA,VIOLÊNCIA DOMÉSTICA CONTRA A MULHER/MARIA DA PENHA
09/01/2025,DANO/FURTO,DANO/FURTO
09/01/2025,VIOLÊNCIA DOMÉSTICA CONTRA A MULHER/MARIA DA PENHA,VIOLÊNCIA DOMÉSTICA CONTRA A MULHER/MARIA DA PENHA
09/01/2025,PATRULHAMENTO PREVENTIVO,PATRULHAMENTO PREVENTIVO
09/01/2025,VIOLÊNCIA DOMÉSTICA CONTRA A MULHER/MARIA DA PENHA,VIOLÊNCIA DOMÉSTICA CONTRA A MULHER/MARIA DA PENHA
09/01/2025,ADULTERAÇÃO DE SINAL IDENTIFICADOR DE VEÍCULO AUTOMOTOR,ADULTERAÇÃO DE SINAL IDENTIFICADOR DE VEÍCULO AUTOMOTOR
09/01/2025,APOIO A OUTROS ÓRGÃOS,APOIO A OUTROS ÓRGÃOS
09/01/2025,VIOLÊNCIA DOMÉSTICA CONTRA A MULHER/MARIA DA PENHA,VIOLÊNCIA DOMÉSTICA CONTRA A MULHER/MARIA DA PENHA
09/01/2025,DIFAMAÇÃO,DIFAMAÇÃO
09/01/2025,ORDEM DE POLICIAMENTO,ORDEM DE POLICIAMENTO
09/01/2025,ORDEM DE POLICIAMENTO,ORDEM DE POLICIAMENTO
09/01/2025,ORDEM DE POLICIAMENTO,ORDEM DE POLICIAMENTO
09/01/2025,PATRULHAMENTO PREVENTIVO,PATRULHAMENTO PREVENTIVO
09/01/2025,VIOLÊNCIA DOMÉSTICA CONTRA A MULHER/MARIA DA PENHA,VIOLÊNCIA DOMÉSTICA CONTRA A MULHER/MARIA DA PENHA
09/01/2025,PATRULHAMENTO PREVENTIVO,PATRULHAMENTO PREVENTIVO
09/01/2025,PATRULHAMENTO PREVENTIVO,PATRULHAMENTO PREVENTIVO
09/01/2025,VIOLÊNCIA DOMÉSTICA CONTRA A MULHER/MARIA DA PENHA,VIOLÊNCIA DOMÉSTICA CONTRA A MULHER/MARIA DA PENHA
09/01/2025,VIOLÊNCIA DOMÉSTICA CONTRA A MULHER/MARIA DA PENHA,VIOLÊNCIA DOMÉSTICA CONTRA A MULHER/MARIA DA PENHA
09/01/2025,APOIO A OUTROS ÓRGÃOS,APOIO A OUTROS ÓRGÃOS
09/01/2025,APOIO A OUTROS ÓRGÃOS,APOIO A OUTROS ÓRGÃOS
09/01/2025,APOIO A OUTROS ÓRGÃOS,APOIO A OUTROS ÓRGÃOS
09/01/2025,VIAS DE FATO,VIAS DE FATO
09/01/2025,VIOLÊNCIA DOMÉSTICA CONTRA A MULHER/MARIA DA PENHA,VIOLÊNCIA DOMÉSTICA CONTRA A MULHER/MARIA DA PENHA
09/01/2025,APOIO A OUTROS ÓRGÃOS,APOIO A OUTROS ÓRGÃOS
10/01/2025,APOIO A OUTROS ÓRGÃOS,APOIO A OUTROS ÓRGÃOS
10/01/2025,ABORDAGEM A VEÍCULO,ABORDAGEM A VEÍCULO
10/01/2025,FURTO DE VEÍCULO,FURTO DE VEÍCULO
10/01/2025,VIOLÊNCIA DOMÉSTICA,VIOLÊNCIA DOMÉSTICA
10/01/2025,APOIO A OUTROS ÓRGÃOS,APOIO A OUTROS ÓRGÃOS
10/01/2025,VIOLÊNCIA DOMÉSTICA,VIOLÊNCIA DOMÉSTICA
10/01/2025,COMUNICAÇÃO DE CRIME AMBIENTAL,COMUNICAÇÃO DE CRIME AMBIENTAL
10/01/2025,APOIO A OUTROS ÓRGÃOS,APOIO A OUTROS ÓRGÃOS
10/01/2025,PATRULHAMENTO PREVENTIVO,PATRULHAMENTO PREVENTIVO
10/01/2025,APOIO A OUTROS ÓRGÃOS,APOIO A OUTROS ÓRGÃOS
10/01/2025,AVERIGUAÇÃO EM CHAMADA PARA ATENDIMENTO,AVERIGUAÇÃO EM CHAMADA PARA ATENDIMENTO
10/01/2025,APOIO A MILITAR/POLICIAL MILITAR/BOMBEIRO/APOIO A OUTROS ÓRGÃOS,APOIO A MILITAR/POLICIAL MILITAR/BOMBEIRO/APOIO A OUTROS ÓRGÃOS
10/01/2025,ABORDAGEM A PESSOAS EM ATITUDE SUSPEITA,ABORDAGEM A PESSOAS EM ATITUDE SUSPEITA
10/01/2025,APOIO A OUTROS ÓRGÃOS,APOIO A OUTROS ÓRGÃOS
10/01/2025,ABORDAGEM A PESSOAS EM ATITUDE SUSPEITA,ABORDAGEM A PESSOAS EM ATITUDE SUSPEITA
10/01/2025,VIOLÊNCIA DOMÉSTICA,VIOLÊNCIA DOMÉSTICA
10/01/2025,AVERIGUAÇÃO EM CHAMADA PARA ATENDIMENTO,AVERIGUAÇÃO EM CHAMADA PARA ATENDIMENTO
10/01/2025,AVERIGUAÇÃO EM CHAMADA PARA ATENDIMENTO,AVERIGUAÇÃO EM CHAMADA PARA ATENDIMENTO
10/01/2025,ABORDAGEM A PESSOAS EM ATITUDE SUSPEITA,ABORDAGEM A PESSOAS EM ATITUDE SUSPEITA
10/01/2025,VIOLÊNCIA DOMÉSTICA,VIOLÊNCIA DOMÉSTICA
10/01/2025,APOIO A OUTROS ÓRGÃOS,APOIO A OUTROS ÓRGÃOS
10/01/2025,ABORDAGEM A VEÍCULO,ABORDAGEM A VEÍCULO
10/01/2025,DENÚNCIA/INFRAÇÃO DE TRÂNSITO,DENÚNCIA/INFRAÇÃO DE TRÂNSITO
10/01/2025,APOIO A OUTROS ÓRGÃOS,APOIO A OUTROS ÓRGÃOS
10/01/2025,APOIO A OUTROS ÓRGÃOS,APOIO A OUTROS ÓRGÃOS
10/01/2025,APOIO OU REFORÇO,APOIO OU REFORÇO
10/01/2025,APOIO A OUTROS ÓRGÃOS,APOIO A OUTROS ÓRGÃOS
10/01/2025,APOIO A OUTROS ÓRGÃOS,APOIO A OUTROS ÓRGÃOS
11/01/2025,VIOLÊNCIA DOMÉSTICA,VIOLÊNCIA DOMÉSTICA
11/01/2025,PATRULHAMENTO PREVENTIVO,PATRULHAMENTO PREVENTIVO
11/01/2025,ADULTERAÇÃO DE SINAL IDENTIFICADOR DE VEÍCULO AUTOMOTOR,ADULTERAÇÃO DE SINAL IDENTIFICADOR DE VEÍCULO AUTOMOTOR
11/01/2025,APOIO OU REFORÇO,APOIO OU REFORÇO
11/01/2025,AGRESSÃO,AGRESSÃO
11/01/2025,DESCUMPRIMENTO DE ORDEM JUDICIAL/MEDIDA PROTETIVA,DESCUMPRIMENTO DE ORDEM JUDICIAL/MEDIDA PROTETIVA
11/01/2025,VIOLÊNCIA DOMÉSTICA CONTRA A MULHER/MARIA DA PENHA,VIOLÊNCIA DOMÉSTICA CONTRA A MULHER/MARIA DA PENHA
11/01/2025,VIOLÊNCIA PSICOLÓGICA CONTRA  A MULHER/VIOLÊNCIA DOMÉSTICA,VIOLÊNCIA PSICOLÓGICA CONTRA  A MULHER/VIOLÊNCIA DOMÉSTICA
11/01/2025,DESCUMPRIMENTO DE ORDEM JUDICIAL/MEDIDA PROTETIVA,DESCUMPRIMENTO DE ORDEM JUDICIAL/MEDIDA PROTETIVA
11/01/2025,ABANDONO DE INCAPAZ,ABANDONO DE INCAPAZ
11/01/2025,PATRULHAMENTO PREVENTIVO,PATRULHAMENTO PREVENTIVO
11/01/2025,VIOLÊNCIA DOMÉSTICA CONTRA A MULHER/MARIA DA PENHA,VIOLÊNCIA DOMÉSTICA CONTRA A MULHER/MARIA DA PENHA
11/01/2025,PATRULHAMENTO PREVENTIVO,PATRULHAMENTO PREVENTIVO
11/01/2025,PATRULHAMENTO PREVENTIVO,PATRULHAMENTO PREVENTIVO
11/01/2025,PERTURBAÇÃO DA TRANQUILIDADE,PERTURBAÇÃO DA TRANQUILIDADE
11/01/2025,APOIO A OUTROS ÓRGÃOS,APOIO A OUTROS ÓRGÃOS
11/01/2025,PATRULHAMENTO PREVENTIVO,PATRULHAMENTO PREVENTIVO
11/01/2025,APOIO A OUTROS ÓRGÃOS,APOIO A OUTROS ÓRGÃOS
11/01/2025,COMUNICAÇÃO DE CRIME AMBIENTAL,COMUNICAÇÃO DE CRIME AMBIENTAL
11/01/2025,APOIO A OUTROS ÓRGÃOS,APOIO A OUTROS ÓRGÃOS
11/01/2025,ABORDAGEM A PESSOAS EM ATITUDE SUSPEITA,ABORDAGEM A PESSOAS EM ATITUDE SUSPEITA
11/01/2025,ACIDENTE DE TRÂNSITO SEM VÍTIMA,ACIDENTE DE TRÂNSITO SEM VÍTIMA
11/01/2025,VIOLÊNCIA DOMÉSTICA CONTRA A MULHER/MARIA DA PENHA,VIOLÊNCIA DOMÉSTICA CONTRA A MULHER/MARIA DA PENHA
11/01/2025,PATRULHAMENTO PREVENTIVO,PATRULHAMENTO PREVENTIVO
11/01/2025,APOIO A OUTROS ÓRGÃOS,APOIO A OUTROS ÓRGÃOS
11/01/2025,APOIO A OUTROS ÓRGÃOS,APOIO A OUTROS ÓRGÃOS
11/01/2025,COMUNICAÇÃO DE CRIME AMBIENTAL,COMUNICAÇÃO DE CRIME AMBIENTAL
11/01/2025,APOIO A OUTROS ÓRGÃOS,APOIO A OUTROS ÓRGÃOS
11/01/2025,PERTURBAÇÃO DO TRABALHO OU DO SOSSEGO ALHEIO,PERTURBAÇÃO DO TRABALHO OU DO SOSSEGO ALHEIO
11/01/2025,PERTURBAÇÃO DO TRABALHO OU DO SOSSEGO ALHEIO,PERTURBAÇÃO DO TRABALHO OU DO SOSSEGO ALHEIO
11/01/2025,PERTURBAÇÃO DO TRABALHO OU DO SOSSEGO ALHEIO,PERTURBAÇÃO DO TRABALHO OU DO SOSSEGO ALHEIO
11/01/2025,PERTURBAÇÃO DO TRABALHO OU DO SOSSEGO ALHEIO,PERTURBAÇÃO DO TRABALHO OU DO SOSSEGO ALHEIO
12/01/2025,PERTURBAÇÃO DO TRABALHO OU DO SOSSEGO ALHEIO,PERTURBAÇÃO DO TRABALHO OU DO SOSSEGO ALHEIO
11/01/2025,ABORDAGEM A PESSOAS EM ATITUDE SUSPEITA,ABORDAGEM A PESSOAS EM ATITUDE SUSPEITA
11/01/2025,RECUPERAÇÃO DE VEICULO,RECUPERAÇÃO DE VEICULO
12/01/2025,APOIO A OUTROS ÓRGÃOS,APOIO A OUTROS ÓRGÃOS
12/01/2025,APOIO A OUTROS ÓRGÃOS,APOIO A OUTROS ÓRGÃOS
12/01/2025,VIOLÊNCIA DOMÉSTICA CONTRA A MULHER/MARIA DA PENHA,VIOLÊNCIA DOMÉSTICA CONTRA A MULHER/MARIA DA PENHA
12/01/2025,VIOLÊNCIA DOMÉSTICA CONTRA A MULHER/MARIA DA PENHA,VIOLÊNCIA DOMÉSTICA CONTRA A MULHER/MARIA DA PENHA
12/01/2025,VIOLÊNCIA DOMÉSTICA CONTRA A MULHER/MARIA DA PENHA,VIOLÊNCIA DOMÉSTICA CONTRA A MULHER/MARIA DA PENHA
12/01/2025,ABORDAGEM A VEÍCULO,ABORDAGEM A VEÍCULO
12/01/2025,VIOLÊNCIA DOMÉSTICA CONTRA A MULHER/MARIA DA PENHA,VIOLÊNCIA DOMÉSTICA CONTRA A MULHER/MARIA DA PENHA
12/01/2025,VIOLÊNCIA DOMÉSTICA CONTRA A MULHER/MARIA DA PENHA,VIOLÊNCIA DOMÉSTICA CONTRA A MULHER/MARIA DA PENHA
12/01/2025,ABORDAGEM A VEÍCULO,ABORDAGEM A VEÍCULO
12/01/2025,VIOLÊNCIA DOMÉSTICA CONTRA A MULHER/MARIA DA PENHA,VIOLÊNCIA DOMÉSTICA CONTRA A MULHER/MARIA DA PENHA
12/01/2025,PERTURBAÇÃO DO TRABALHO OU DO SOSSEGO ALHEIO,PERTURBAÇÃO DO TRABALHO OU DO SOSSEGO ALHEIO
12/01/2025,PERTURBAÇÃO DO TRABALHO OU DO SOSSEGO ALHEIO,PERTURBAÇÃO DO TRABALHO OU DO SOSSEGO ALHEIO
12/01/2025,APOIO A OUTROS ÓRGÃOS,APOIO A OUTROS ÓRGÃOS
12/01/2025,PATRULHAMENTO PREVENTIVO,PATRULHAMENTO PREVENTIVO
12/01/2025,PATRULHAMENTO PREVENTIVO,PATRULHAMENTO PREVENTIVO
12/01/2025,APOIO A OUTROS ÓRGÃOS,APOIO A OUTROS ÓRGÃOS
12/01/2025,APOIO A OUTROS ÓRGÃOS,APOIO A OUTROS ÓRGÃOS
12/01/2025,PERTURBAÇÃO DO TRABALHO OU DO SOSSEGO ALHEIO,PERTURBAÇÃO DO TRABALHO OU DO SOSSEGO ALHEIO
12/01/2025,APOIO A OUTROS ÓRGÃOS,APOIO A OUTROS ÓRGÃOS
12/01/2025,APOIO A OUTROS ÓRGÃOS,APOIO A OUTROS ÓRGÃOS
12/01/2025,VIOLÊNCIA DOMÉSTICA CONTRA A MULHER/MARIA DA PENHA,VIOLÊNCIA DOMÉSTICA CONTRA A MULHER/MARIA DA PENHA
12/01/2025,APOIO A OUTROS ÓRGÃOS,APOIO A OUTROS ÓRGÃOS
12/01/2025,DESCUMPRIMENTO DE ORDEM JUDICIAL/MEDIDA PROTETIVA,DESCUMPRIMENTO DE ORDEM JUDICIAL/MEDIDA PROTETIVA
